datetime,lat,lon,precipitation,tmax,tmin,temperature
2009-06-01,47.94186,-71.382225,0.0,16.0,-1.2,7.4
2009-06-02,47.94186,-71.382225,0.0,16.2,3.7,9.95
2009-06-03,47.94186,-71.382225,1.4,15.7,0.2,7.949999999999999
2009-06-04,47.94186,-71.382225,0.0,16.2,0.6,8.4
2009-06-05,47.94186,-71.382225,0.0,21.5,0.4,10.95
2009-06-06,47.94186,-71.382225,0.0,19.8,1.9,10.85
2009-06-07,47.94186,-71.382225,0.4,15.1,0.2,7.6499999999999995
2009-06-08,47.94186,-71.382225,0.0,15.5,3.3,9.4
2009-06-09,47.94186,-71.382225,4.2,15.0,-1.9,6.55
2009-06-10,47.94186,-71.382225,0.0,12.8,6.9,9.850000000000001
2009-06-11,47.94186,-71.382225,6.2,17.3,8.5,12.9
2009-06-12,47.94186,-71.382225,0.0,20.7,8.4,14.55
2009-06-13,47.94186,-71.382225,0.0,22.6,3.6,13.100000000000001
2009-06-14,47.94186,-71.382225,0.0,24.5,2.3,13.4
2009-06-15,47.94186,-71.382225,1.2,23.1,8.6,15.850000000000001
2009-06-16,47.94186,-71.382225,0.0,24.2,4.5,14.35
2009-06-17,47.94186,-71.382225,0.0,25.8,7.1,16.45
2009-06-18,47.94186,-71.382225,0.0,26.1,8.2,17.15
2009-06-19,47.94186,-71.382225,1.6,24.6,9.8,17.200000000000003
2009-06-20,47.94186,-71.382225,0.0,23.2,8.1,15.649999999999999
2009-06-21,47.94186,-71.382225,0.0,20.0,13.5,16.75
2009-06-22,47.94186,-71.382225,0.0,25.6,6.2,15.9
2009-06-23,47.94186,-71.382225,0.0,28.4,3.4,15.899999999999999
2009-06-24,47.94186,-71.382225,0.0,30.2,6.3,18.25
2009-06-25,47.94186,-71.382225,47.7,28.6,14.8,21.700000000000003
2009-06-26,47.94186,-71.382225,2.2,26.2,11.6,18.9
2009-06-27,47.94186,-71.382225,3.0,21.1,14.5,17.8
2009-06-28,47.94186,-71.382225,5.2,22.9,9.7,16.299999999999997
2009-06-29,47.94186,-71.382225,2.8,21.5,15.0,18.25
2009-06-30,47.94186,-71.382225,0.0,24.1,14.6,19.35
2009-07-01,47.94186,-71.382225,0.0,24.6,13.6,19.1
2009-07-02,47.94186,-71.382225,6.4,23.7,14.8,19.25
2009-07-03,47.94186,-71.382225,6.4,20.0,13.6,16.8
2009-07-04,47.94186,-71.382225,16.4,22.4,12.9,17.65
2009-07-05,47.94186,-71.382225,0.4,19.7,11.4,15.55
2009-07-06,47.94186,-71.382225,23.0,23.4,5.8,14.6
2009-07-07,47.94186,-71.382225,1.4,17.3,10.1,13.7
2009-07-08,47.94186,-71.382225,8.2,19.7,9.7,14.7
2009-07-09,47.94186,-71.382225,0.4,27.1,5.1,16.1
2009-07-10,47.94186,-71.382225,0.0,26.5,8.0,17.25
2009-07-11,47.94186,-71.382225,7.1,23.3,9.3,16.3
2009-07-12,47.94186,-71.382225,0.0,16.3,11.5,13.9
2009-07-13,47.94186,-71.382225,1.0,17.8,6.2,12.0
2009-07-14,47.94186,-71.382225,0.0,16.7,7.6,12.149999999999999
2009-07-15,47.94186,-71.382225,0.0,16.0,6.9,11.45
2009-07-16,47.94186,-71.382225,10.0,19.4,5.6,12.5
2009-07-17,47.94186,-71.382225,16.0,23.5,12.2,17.85
2009-07-18,47.94186,-71.382225,7.6,17.9,13.3,15.6
2009-07-19,47.94186,-71.382225,0.0,19.2,11.4,15.3
2009-07-20,47.94186,-71.382225,2.2,22.8,7.1,14.95
2009-07-21,47.94186,-71.382225,3.4,26.3,11.3,18.8
2009-07-22,47.94186,-71.382225,0.0,23.7,13.0,18.35
2009-07-23,47.94186,-71.382225,0.0,25.7,4.9,15.3
2009-07-24,47.94186,-71.382225,4.2,20.8,8.4,14.600000000000001
2009-07-25,47.94186,-71.382225,0.0,20.3,11.6,15.95
2009-07-26,47.94186,-71.382225,7.4,18.3,9.9,14.100000000000001
2009-07-27,47.94186,-71.382225,0.4,23.3,12.6,17.95
2009-07-28,47.94186,-71.382225,0.0,25.0,13.7,19.35
2009-07-29,47.94186,-71.382225,2.1,24.9,15.7,20.299999999999997
2009-07-30,47.94186,-71.382225,0.0,26.6,14.4,20.5
2009-07-31,47.94186,-71.382225,2.8,22.6,13.4,18.0
2009-08-01,47.94186,-71.382225,0.0,24.4,10.4,17.4
2009-08-02,47.94186,-71.382225,11.2,22.1,9.7,15.9
2009-08-03,47.94186,-71.382225,0.0,20.7,9.5,15.1
2009-08-04,47.94186,-71.382225,18.4,23.5,11.6,17.55
2009-08-05,47.94186,-71.382225,0.0,19.4,13.7,16.549999999999997
2009-08-06,47.94186,-71.382225,11.9,18.7,10.3,14.5
2009-08-07,47.94186,-71.382225,3.1,16.2,5.0,10.6
2009-08-08,47.94186,-71.382225,0.4,20.7,2.4,11.549999999999999
2009-08-09,47.94186,-71.382225,17.2,20.5,7.5,14.0
2009-08-10,47.94186,-71.382225,0.0,18.8,13.2,16.0
2009-08-11,47.94186,-71.382225,0.0,25.8,10.0,17.9
2009-08-12,47.94186,-71.382225,0.0,27.1,6.6,16.85
2009-08-13,47.94186,-71.382225,0.0,27.2,8.6,17.9
2009-08-14,47.94186,-71.382225,0.0,29.4,11.8,20.6
2009-08-15,47.94186,-71.382225,0.0,26.6,12.3,19.450000000000003
2009-08-16,47.94186,-71.382225,0.0,27.7,15.1,21.4
2009-08-17,47.94186,-71.382225,12.2,29.2,14.7,21.95
2009-08-18,47.94186,-71.382225,22.2,26.2,17.4,21.799999999999997
2009-08-19,47.94186,-71.382225,0.0,22.9,16.1,19.5
2009-08-20,47.94186,-71.382225,0.0,20.2,8.1,14.149999999999999
2009-08-21,47.94186,-71.382225,0.6,23.7,13.1,18.4
2009-08-22,47.94186,-71.382225,0.0,24.8,15.1,19.95
2009-08-23,47.94186,-71.382225,0.0,17.6,13.5,15.55
2009-08-24,47.94186,-71.382225,0.0,23.2,6.0,14.6
2009-08-25,47.94186,-71.382225,3.4,22.8,3.4,13.1
2009-08-26,47.94186,-71.382225,0.0,15.0,10.6,12.8
2009-08-27,47.94186,-71.382225,0.0,14.1,4.1,9.1
2009-08-28,47.94186,-71.382225,0.0,14.8,-1.5,6.65
2009-08-29,47.94186,-71.382225,3.3,13.4,1.1,7.25
2009-08-30,47.94186,-71.382225,3.0,16.6,8.2,12.4
2009-08-31,47.94186,-71.382225,0.0,17.5,5.3,11.4
2009-09-01,47.94186,-71.382225,0.0,18.4,0.8,9.6
2009-09-02,47.94186,-71.382225,0.0,22.5,8.2,15.35
2009-09-03,47.94186,-71.382225,6.6,22.9,6.6,14.75
2009-09-04,47.94186,-71.382225,0.0,20.7,9.9,15.3
2009-09-05,47.94186,-71.382225,0.0,13.3,5.3,9.3
2009-09-06,47.94186,-71.382225,0.0,21.4,-1.4,10.0
2009-09-07,47.94186,-71.382225,6.2,22.5,1.2,11.85
2009-09-08,47.94186,-71.382225,0.0,19.1,8.3,13.700000000000001
2009-09-09,47.94186,-71.382225,0.0,20.1,-0.5,9.8
2009-09-10,47.94186,-71.382225,0.0,23.0,0.1,11.55
2009-09-11,47.94186,-71.382225,0.4,24.1,3.0,13.55
2009-09-12,47.94186,-71.382225,3.8,26.8,5.0,15.9
2009-09-13,47.94186,-71.382225,0.4,14.0,9.2,11.6
2009-09-14,47.94186,-71.382225,3.4,14.5,4.8,9.65
2009-09-15,47.94186,-71.382225,0.0,12.9,6.0,9.45
2009-09-16,47.94186,-71.382225,0.0,16.3,3.2,9.75
2009-09-17,47.94186,-71.382225,12.4,17.8,-1.7,8.05
2009-09-18,47.94186,-71.382225,13.0,8.0,3.6,5.8
2009-09-19,47.94186,-71.382225,0.0,12.5,3.0,7.75
2009-09-20,47.94186,-71.382225,0.0,16.8,0.2,8.5
2009-09-21,47.94186,-71.382225,2.4,24.6,5.4,15.0
2009-09-22,47.94186,-71.382225,1.2,17.6,7.6,12.600000000000001
2009-09-23,47.94186,-71.382225,0.8,20.6,12.0,16.3
2009-09-24,47.94186,-71.382225,9.6,12.8,6.5,9.65
2009-09-25,47.94186,-71.382225,0.0,9.4,0.7,5.05
2009-09-26,47.94186,-71.382225,0.0,14.3,-2.5,5.9
2009-09-27,47.94186,-71.382225,20.8,10.6,6.5,8.55
2009-09-28,47.94186,-71.382225,1.9,14.8,9.1,11.95
2009-09-29,47.94186,-71.382225,2.8,14.0,6.3,10.15
2009-09-30,47.94186,-71.382225,5.6,9.1,5.2,7.15
2009-10-01,47.94186,-71.382225,4.8,5.2,3.0,4.1
2009-10-02,47.94186,-71.382225,0.0,7.2,3.6,5.4
2009-10-03,47.94186,-71.382225,0.8,11.9,2.3,7.1
2009-10-04,47.94186,-71.382225,2.2,16.0,6.0,11.0
2009-10-05,47.94186,-71.382225,19.2,9.0,3.7,6.35
2009-10-06,47.94186,-71.382225,10.1,10.1,4.9,7.5
2009-10-07,47.94186,-71.382225,8.8,6.5,1.0,3.75
2009-10-08,47.94186,-71.382225,2.2,8.4,2.7,5.550000000000001
2009-10-09,47.94186,-71.382225,7.2,8.0,0.8,4.4
2009-10-10,47.94186,-71.382225,2.2,4.0,-1.3,1.35
2009-10-11,47.94186,-71.382225,3.0,2.4,-2.9,-0.25
2009-10-12,47.94186,-71.382225,0.0,2.0,-1.2,0.4
2009-10-13,47.94186,-71.382225,11.0,2.0,-2.7,-0.3500000000000001
2009-10-14,47.94186,-71.382225,3.6,-1.3,-4.6,-2.9499999999999997
2009-10-15,47.94186,-71.382225,0.0,0.1,-6.7,-3.3000000000000003
2009-10-16,47.94186,-71.382225,0.0,4.7,-13.5,-4.4
2009-10-17,47.94186,-71.382225,0.0,5.1,-12.8,-3.8500000000000005
2009-10-18,47.94186,-71.382225,0.0,6.6,-11.3,-2.3500000000000005
2009-10-19,47.94186,-71.382225,0.8,6.8,-10.6,-1.9
2009-10-20,47.94186,-71.382225,0.0,4.7,0.8,2.75
2009-10-21,47.94186,-71.382225,0.0,0.1,-3.3,-1.5999999999999999
2009-10-22,47.94186,-71.382225,12.2,-1.7,-4.3,-3.0
2009-10-23,47.94186,-71.382225,5.4,0.8,-10.0,-4.6
2009-10-24,47.94186,-71.382225,5.9,6.1,-5.0,0.5499999999999998
2009-10-25,47.94186,-71.382225,0.0,4.2,0.0,2.1
2009-10-26,47.94186,-71.382225,2.8,2.2,-3.9,-0.8499999999999999
2009-10-27,47.94186,-71.382225,1.0,1.7,-5.7,-2.0
2009-10-28,47.94186,-71.382225,0.0,2.4,0.0,1.2
2009-10-29,47.94186,-71.382225,0.0,4.9,0.1,2.5
2009-10-30,47.94186,-71.382225,2.2,11.0,-0.4,5.3
2009-10-31,47.94186,-71.382225,11.4,12.5,6.1,9.3
2009-11-01,47.94186,-71.382225,0.8,3.6,0.3,1.95
2009-11-02,47.94186,-71.382225,0.0,6.3,-3.1,1.5999999999999999
2009-11-03,47.94186,-71.382225,1.8,2.3,-1.6,0.34999999999999987
2009-11-04,47.94186,-71.382225,0.8,-2.5,-4.6,-3.55
2009-11-05,47.94186,-71.382225,0.0,-1.6,-10.7,-6.1499999999999995
2009-11-06,47.94186,-71.382225,0.0,-2.9,-5.4,-4.15
2009-11-07,47.94186,-71.382225,0.4,3.0,-8.9,-2.95
2009-11-08,47.94186,-71.382225,0.0,8.6,-2.4,3.0999999999999996
2009-11-09,47.94186,-71.382225,0.0,10.2,-2.0,4.1
2009-11-10,47.94186,-71.382225,0.0,7.5,2.2,4.85
2009-11-11,47.94186,-71.382225,0.0,5.7,-2.8,1.4500000000000002
2009-11-12,47.94186,-71.382225,0.0,7.4,-6.7,0.3500000000000001
2009-11-13,47.94186,-71.382225,0.0,13.0,-6.9,3.05
2009-11-14,47.94186,-71.382225,0.4,12.3,-2.9,4.7
2009-11-15,47.94186,-71.382225,0.0,12.0,3.8,7.9
2009-11-16,47.94186,-71.382225,0.0,0.7,-1.1,-0.20000000000000007
2009-11-17,47.94186,-71.382225,0.0,0.7,-4.3,-1.7999999999999998
2009-11-18,47.94186,-71.382225,0.0,8.1,-7.9,0.09999999999999964
2009-11-19,47.94186,-71.382225,0.2,9.0,-6.9,1.0499999999999998
2009-11-20,47.94186,-71.382225,14.2,8.0,-2.8,2.6
2009-11-21,47.94186,-71.382225,0.0,2.5,-0.2,1.15
2009-11-22,47.94186,-71.382225,0.0,-0.2,-2.1,-1.1500000000000001
2009-11-23,47.94186,-71.382225,0.0,6.6,-5.9,0.34999999999999964
2009-11-24,47.94186,-71.382225,0.0,5.0,-6.5,-0.75
2009-11-25,47.94186,-71.382225,4.1,10.6,-1.5,4.55
2009-11-26,47.94186,-71.382225,0.0,5.8,2.2,4.0
2009-11-27,47.94186,-71.382225,3.2,6.9,0.5,3.7
2009-11-28,47.94186,-71.382225,,-0.3,-2.7,-1.5
2009-11-29,47.94186,-71.382225,,-2.7,-4.6,-3.65
2009-11-30,47.94186,-71.382225,,-3.9,-7.0,-5.45
2009-12-01,47.94186,-71.382225,,-2.8,-10.8,-6.800000000000001
2009-12-02,47.94186,-71.382225,,0.0,-5.8,-2.9
2009-12-03,47.94186,-71.382225,,1.5,-1.6,-0.050000000000000044
2009-12-04,47.94186,-71.382225,,0.3,-5.2,-2.45
2009-12-05,47.94186,-71.382225,,-2.5,-7.7,-5.1
2009-12-06,47.94186,-71.382225,,-3.4,-10.4,-6.9
2009-12-07,47.94186,-71.382225,,-7.4,-11.8,-9.600000000000001
2009-12-08,47.94186,-71.382225,,-8.6,-16.4,-12.5
2009-12-09,47.94186,-71.382225,,-7.6,-20.5,-14.05
2009-12-10,47.94186,-71.382225,,-2.9,-9.3,-6.1000000000000005
2009-12-11,47.94186,-71.382225,,-12.7,-16.6,-14.65
2009-12-12,47.94186,-71.382225,,-7.9,-19.4,-13.649999999999999
2009-12-13,47.94186,-71.382225,,-3.8,-18.3,-11.05
2009-12-14,47.94186,-71.382225,2.1,-6.0,-10.6,-8.3
2009-12-15,47.94186,-71.382225,2.8,-4.0,-9.3,-6.65
2009-12-16,47.94186,-71.382225,0.0,-20.5,-23.5,-22.0
2009-12-17,47.94186,-71.382225,0.8,-16.8,-26.0,-21.4
2009-12-18,47.94186,-71.382225,0.0,-16.7,-21.7,-19.2
2009-12-19,47.94186,-71.382225,0.0,-13.2,-21.1,-17.15
2009-12-20,47.94186,-71.382225,0.2,-13.5,-20.7,-17.1
2009-12-21,47.94186,-71.382225,1.8,-11.6,-15.4,-13.5
2009-12-22,47.94186,-71.382225,22.9,-9.8,-14.6,-12.2
2009-12-23,47.94186,-71.382225,0.6,-0.9,-14.0,-7.45
2009-12-24,47.94186,-71.382225,0.0,-2.5,-5.4,-3.95
2009-12-25,47.94186,-71.382225,0.0,-3.6,-8.6,-6.1
2009-12-26,47.94186,-71.382225,12.3,0.6,-14.8,-7.1000000000000005
2009-12-27,47.94186,-71.382225,,1.0,-6.0,-2.5
2009-12-28,47.94186,-71.382225,,-4.1,-8.6,-6.35
2009-12-29,47.94186,-71.382225,,-18.5,-20.6,-19.55
2009-12-30,47.94186,-71.382225,,-9.9,-22.2,-16.05
2009-12-31,47.94186,-71.382225,,-5.8,-17.5,-11.65
2010-01-01,47.94186,-71.382225,,-5.0,-13.1,-9.05
2010-01-02,47.94186,-71.382225,,-2.6,-11.2,-6.8999999999999995
2010-01-03,47.94186,-71.382225,,-0.5,-9.6,-5.05
2010-01-04,47.94186,-71.382225,,-1.2,-5.0,-3.1
2010-01-05,47.94186,-71.382225,,-3.5,-5.4,-4.45
2010-01-06,47.94186,-71.382225,,-4.0,-7.0,-5.5
2010-01-07,47.94186,-71.382225,,-6.1,-9.1,-7.6
2010-01-08,47.94186,-71.382225,,-8.0,-10.8,-9.4
2010-01-09,47.94186,-71.382225,,-19.3,-24.6,-21.950000000000003
2010-01-10,47.94186,-71.382225,,-12.8,-30.1,-21.450000000000003
2010-01-11,47.94186,-71.382225,,-10.2,-16.9,-13.549999999999999
2010-01-12,47.94186,-71.382225,,-15.4,-19.7,-17.55
2010-01-13,47.94186,-71.382225,,-15.6,-30.7,-23.15
2010-01-14,47.94186,-71.382225,,-3.7,-27.8,-15.75
2010-01-15,47.94186,-71.382225,,-2.9,-6.6,-4.75
2010-01-16,47.94186,-71.382225,,-3.3,-16.2,-9.75
2010-01-17,47.94186,-71.382225,,-6.8,-28.0,-17.4
2010-01-18,47.94186,-71.382225,,-3.4,-9.8,-6.6000000000000005
2010-01-19,47.94186,-71.382225,,-2.9,-6.5,-4.7
2010-01-20,47.94186,-71.382225,,-3.4,-6.7,-5.05
2010-01-21,47.94186,-71.382225,0.6,-7.1,-10.4,-8.75
2010-01-22,47.94186,-71.382225,0.0,-9.3,-16.8,-13.05
2010-01-23,47.94186,-71.382225,0.1,-8.9,-26.4,-17.65
2010-01-24,47.94186,-71.382225,2.3,1.6,-20.1,-9.25
2010-01-25,47.94186,-71.382225,11.7,5.4,-6.5,-0.5499999999999998
2010-01-26,47.94186,-71.382225,3.0,1.0,-0.8,0.09999999999999998
2010-01-27,47.94186,-71.382225,1.2,-8.2,-12.7,-10.45
2010-01-28,47.94186,-71.382225,7.4,-5.8,-15.7,-10.75
2010-01-29,47.94186,-71.382225,5.6,-18.2,-20.8,-19.5
2010-01-30,47.94186,-71.382225,0.0,-16.8,-24.6,-20.700000000000003
2010-01-31,47.94186,-71.382225,,-15.6,-26.6,-21.1
2010-02-01,47.94186,-71.382225,,-18.6,-23.7,-21.15
2010-02-02,47.94186,-71.382225,,-16.2,-34.0,-25.1
2010-02-03,47.94186,-71.382225,,-9.0,-27.5,-18.25
2010-02-04,47.94186,-71.382225,0.6,-14.5,-21.9,-18.2
2010-02-05,47.94186,-71.382225,0.2,-14.5,-18.8,-16.65
2010-02-06,47.94186,-71.382225,0.2,-14.3,-17.8,-16.05
2010-02-07,47.94186,-71.382225,4.9,-9.9,-16.0,-12.95
2010-02-08,47.94186,-71.382225,2.7,-5.0,-11.7,-8.35
2010-02-09,47.94186,-71.382225,0.0,-3.5,-7.3,-5.4
2010-02-10,47.94186,-71.382225,0.2,-4.3,-23.3,-13.8
2010-02-11,47.94186,-71.382225,0.1,-6.4,-20.7,-13.55
2010-02-12,47.94186,-71.382225,0.3,-3.8,-9.0,-6.4
2010-02-13,47.94186,-71.382225,2.0,-4.1,-10.8,-7.45
2010-02-14,47.94186,-71.382225,1.8,-4.9,-8.7,-6.8
2010-02-15,47.94186,-71.382225,0.0,-3.4,-9.6,-6.5
2010-02-16,47.94186,-71.382225,4.4,-2.1,-6.8,-4.45
2010-02-17,47.94186,-71.382225,3.6,-0.6,-9.3,-4.95
2010-02-18,47.94186,-71.382225,4.5,0.8,-2.7,-0.9500000000000001
2010-02-19,47.94186,-71.382225,5.4,0.0,-6.1,-3.05
2010-02-20,47.94186,-71.382225,,-0.6,-3.8,-2.1999999999999997
2010-02-21,47.94186,-71.382225,,-0.9,-7.5,-4.2
2010-02-22,47.94186,-71.382225,0.0,2.9,-5.1,-1.0999999999999999
2010-02-23,47.94186,-71.382225,0.0,2.1,-6.8,-2.3499999999999996
2010-02-24,47.94186,-71.382225,0.0,1.0,-2.2,-0.6000000000000001
2010-02-25,47.94186,-71.382225,0.9,3.6,-1.7,0.9500000000000001
2010-02-26,47.94186,-71.382225,8.0,-0.7,-3.5,-2.1
2010-02-27,47.94186,-71.382225,0.4,1.3,-3.5,-1.1
2010-02-28,47.94186,-71.382225,0.0,2.3,-3.1,-0.40000000000000013
2010-03-01,47.94186,-71.382225,0.0,3.4,-3.7,-0.15000000000000013
2010-03-02,47.94186,-71.382225,0.0,1.9,-18.1,-8.100000000000001
2010-03-03,47.94186,-71.382225,0.0,0.6,-20.2,-9.799999999999999
2010-03-04,47.94186,-71.382225,0.1,-0.2,-20.9,-10.549999999999999
2010-03-05,47.94186,-71.382225,0.0,1.5,-24.6,-11.55
2010-03-06,47.94186,-71.382225,0.0,5.4,-16.8,-5.7
2010-03-07,47.94186,-71.382225,0.0,4.5,-13.4,-4.45
2010-03-08,47.94186,-71.382225,1.1,2.0,-4.9,-1.4500000000000002
2010-03-09,47.94186,-71.382225,0.0,-2.8,-10.5,-6.65
2010-03-10,47.94186,-71.382225,0.0,-0.2,-22.0,-11.1
2010-03-11,47.94186,-71.382225,0.0,4.6,-18.8,-7.1000000000000005
2010-03-12,47.94186,-71.382225,0.0,10.9,-17.4,-3.249999999999999
2010-03-13,47.94186,-71.382225,0.0,13.4,-11.2,1.1000000000000005
2010-03-14,47.94186,-71.382225,0.0,12.4,-11.2,0.6000000000000005
2010-03-15,47.94186,-71.382225,0.2,12.7,-10.5,1.0999999999999996
2010-03-16,47.94186,-71.382225,0.2,10.1,-8.3,0.8999999999999995
2010-03-17,47.94186,-71.382225,3.2,7.1,-9.9,-1.4000000000000004
2010-03-18,47.94186,-71.382225,2.8,3.5,-2.2,0.6499999999999999
2010-03-19,47.94186,-71.382225,2.7,6.6,-11.8,-2.6000000000000005
2010-03-20,47.94186,-71.382225,0.0,-2.3,-7.9,-5.1
2010-03-21,47.94186,-71.382225,0.0,2.8,-19.5,-8.35
2010-03-22,47.94186,-71.382225,0.0,5.8,-11.6,-2.9
2010-03-23,47.94186,-71.382225,12.0,-1.9,-10.6,-6.25
2010-03-24,47.94186,-71.382225,2.3,-2.7,-5.4,-4.050000000000001
2010-03-25,47.94186,-71.382225,4.2,6.9,-14.7,-3.8999999999999995
2010-03-26,47.94186,-71.382225,0.0,-11.0,-22.6,-16.8
2010-03-27,47.94186,-71.382225,1.6,-3.6,-28.9,-16.25
2010-03-28,47.94186,-71.382225,4.6,3.1,-13.6,-5.25
2010-03-29,47.94186,-71.382225,7.2,3.1,-1.7,0.7000000000000001
2010-03-30,47.94186,-71.382225,0.0,5.9,-3.3,1.3000000000000003
2010-03-31,47.94186,-71.382225,0.2,11.2,-2.4,4.3999999999999995
2010-04-01,47.94186,-71.382225,0.0,16.9,-2.4,7.249999999999999
2010-04-02,47.94186,-71.382225,0.0,21.8,-2.2,9.8
2010-04-03,47.94186,-71.382225,0.0,24.9,-0.5,12.2
2010-04-04,47.94186,-71.382225,0.2,13.7,0.4,7.05
2010-04-05,47.94186,-71.382225,18.5,7.7,-3.2,2.25
2010-04-06,47.94186,-71.382225,0.1,11.6,0.9,6.25
2010-04-07,47.94186,-71.382225,1.3,7.9,-0.1,3.9000000000000004
2010-04-08,47.94186,-71.382225,4.5,8.0,-6.9,0.5499999999999998
2010-04-09,47.94186,-71.382225,2.4,7.0,0.6,3.8
2010-04-10,47.94186,-71.382225,0.9,1.0,-1.2,-0.09999999999999998
2010-04-11,47.94186,-71.382225,1.3,4.0,-1.6,1.2
2010-04-12,47.94186,-71.382225,0.0,5.0,-2.9,1.05
2010-04-13,47.94186,-71.382225,0.0,8.2,-9.5,-0.6500000000000004
2010-04-14,47.94186,-71.382225,0.0,8.8,-5.7,1.5500000000000003
2010-04-15,47.94186,-71.382225,0.0,8.6,-8.6,0.0
2010-04-16,47.94186,-71.382225,0.8,5.9,-1.6,2.1500000000000004
2010-04-17,47.94186,-71.382225,4.1,8.3,-1.0,3.6500000000000004
2010-04-18,47.94186,-71.382225,1.0,5.8,-2.1,1.8499999999999999
2010-04-19,47.94186,-71.382225,3.7,10.2,-1.2,4.5
2010-04-20,47.94186,-71.382225,0.0,12.4,-2.5,4.95
2010-04-21,47.94186,-71.382225,0.3,8.8,-5.8,1.5000000000000004
2010-04-22,47.94186,-71.382225,0.1,8.8,-1.2,3.8000000000000003
2010-04-23,47.94186,-71.382225,0.3,10.3,-3.1,3.6000000000000005
2010-04-24,47.94186,-71.382225,6.7,12.6,-3.3,4.65
2010-04-25,47.94186,-71.382225,0.0,11.9,-0.1,5.9
2010-04-26,47.94186,-71.382225,0.0,8.1,-3.8,2.15
2010-04-27,47.94186,-71.382225,0.0,4.3,-3.6,0.34999999999999987
2010-04-28,47.94186,-71.382225,1.2,7.9,-2.1,2.9000000000000004
2010-04-29,47.94186,-71.382225,0.2,4.2,-2.8,0.7000000000000002
2010-04-30,47.94186,-71.382225,0.0,12.6,1.3,6.95
2010-05-01,47.94186,-71.382225,0.0,18.5,-3.3,7.6
2010-05-02,47.94186,-71.382225,51.1,21.6,6.4,14.0
2010-05-03,47.94186,-71.382225,17.9,15.0,6.0,10.5
2010-05-04,47.94186,-71.382225,10.1,15.3,0.3,7.800000000000001
2010-05-05,47.94186,-71.382225,3.9,15.0,1.1,8.05
2010-05-06,47.94186,-71.382225,11.2,15.5,6.1,10.8
2010-05-07,47.94186,-71.382225,0.0,4.4,-1.1,1.6500000000000001
2010-05-08,47.94186,-71.382225,13.0,7.6,-2.8,2.4
2010-05-09,47.94186,-71.382225,9.0,1.2,-1.5,-0.15000000000000002
2010-05-10,47.94186,-71.382225,0.1,0.4,-4.5,-2.05
2010-05-11,47.94186,-71.382225,0.0,6.6,-8.1,-0.75
2010-05-12,47.94186,-71.382225,0.0,8.6,-3.2,2.6999999999999997
2010-05-13,47.94186,-71.382225,0.0,11.7,-4.8,3.4499999999999997
2010-05-14,47.94186,-71.382225,0.4,14.1,-2.1,6.0
2010-05-15,47.94186,-71.382225,0.2,14.0,2.7,8.35
2010-05-16,47.94186,-71.382225,0.0,16.6,-3.2,6.700000000000001
2010-05-17,47.94186,-71.382225,0.0,20.4,-2.3,9.049999999999999
2010-05-18,47.94186,-71.382225,0.0,24.4,0.6,12.5
2010-05-19,47.94186,-71.382225,0.6,24.0,2.5,13.25
2010-05-20,47.94186,-71.382225,0.0,17.1,5.4,11.25
2010-05-21,47.94186,-71.382225,0.0,18.4,-3.1,7.6499999999999995
2010-05-22,47.94186,-71.382225,0.2,25.0,1.2,13.1
2010-05-23,47.94186,-71.382225,0.0,25.9,8.9,17.4
2010-05-24,47.94186,-71.382225,0.8,28.5,9.0,18.75
2010-05-25,47.94186,-71.382225,11.5,27.1,12.3,19.700000000000003
2010-05-26,47.94186,-71.382225,0.0,24.5,15.5,20.0
2010-05-27,47.94186,-71.382225,0.0,20.8,2.1,11.450000000000001
2010-05-28,47.94186,-71.382225,0.2,21.4,1.2,11.299999999999999
2010-05-29,47.94186,-71.382225,0.3,21.3,10.1,15.7
2010-05-30,47.94186,-71.382225,0.0,15.9,1.5,8.7
2010-05-31,47.94186,-71.382225,9.1,16.9,-1.9,7.499999999999999
2010-06-01,47.94186,-71.382225,0.1,19.3,8.3,13.8
2010-06-02,47.94186,-71.382225,8.4,20.1,7.7,13.9
2010-06-03,47.94186,-71.382225,0.1,19.8,6.6,13.2
2010-06-04,47.94186,-71.382225,0.9,21.1,5.3,13.200000000000001
2010-06-05,47.94186,-71.382225,11.4,11.6,7.2,9.4
2010-06-06,47.94186,-71.382225,2.7,11.9,5.5,8.7
2010-06-07,47.94186,-71.382225,11.1,15.6,3.4,9.5
2010-06-08,47.94186,-71.382225,0.7,14.5,4.9,9.7
2010-06-09,47.94186,-71.382225,0.1,20.1,0.6,10.350000000000001
2010-06-10,47.94186,-71.382225,0.2,21.9,4.8,13.35
2010-06-11,47.94186,-71.382225,0.3,22.5,4.3,13.4
2010-06-12,47.94186,-71.382225,0.2,22.5,7.0,14.75
2010-06-13,47.94186,-71.382225,0.1,22.3,3.3,12.8
2010-06-14,47.94186,-71.382225,0.2,20.5,4.3,12.4
2010-06-15,47.94186,-71.382225,0.1,17.8,-1.9,7.95
2010-06-16,47.94186,-71.382225,1.0,24.1,0.8,12.450000000000001
2010-06-17,47.94186,-71.382225,0.0,24.9,9.0,16.95
2010-06-18,47.94186,-71.382225,0.2,26.8,9.7,18.25
2010-06-19,47.94186,-71.382225,0.3,27.1,14.3,20.700000000000003
2010-06-20,47.94186,-71.382225,3.0,19.5,14.5,17.0
2010-06-21,47.94186,-71.382225,0.1,21.8,3.5,12.65
2010-06-22,47.94186,-71.382225,0.3,26.7,2.6,14.65
2010-06-23,47.94186,-71.382225,8.1,22.7,12.2,17.45
2010-06-24,47.94186,-71.382225,0.8,17.2,13.4,15.3
2010-06-25,47.94186,-71.382225,3.5,18.5,4.0,11.25
2010-06-26,47.94186,-71.382225,5.9,15.7,7.0,11.35
2010-06-27,47.94186,-71.382225,1.2,15.2,1.3,8.25
2010-06-28,47.94186,-71.382225,6.8,14.8,8.7,11.75
2010-06-29,47.94186,-71.382225,3.8,15.1,9.0,12.05
2010-06-30,47.94186,-71.382225,7.1,13.8,3.0,8.4
2010-07-01,47.94186,-71.382225,5.9,14.3,6.2,10.25
2010-07-02,47.94186,-71.382225,9.6,22.0,1.9,11.95
2010-07-03,47.94186,-71.382225,0.2,26.0,11.8,18.9
2010-07-04,47.94186,-71.382225,1.4,23.7,15.8,19.75
2010-07-05,47.94186,-71.382225,3.7,28.5,15.8,22.15
2010-07-06,47.94186,-71.382225,0.4,29.3,17.2,23.25
2010-07-07,47.94186,-71.382225,0.2,30.3,18.1,24.200000000000003
2010-07-08,47.94186,-71.382225,0.3,30.2,17.9,24.049999999999997
2010-07-09,47.94186,-71.382225,13.5,26.7,19.0,22.85
2010-07-10,47.94186,-71.382225,0.1,25.4,15.9,20.65
2010-07-11,47.94186,-71.382225,0.3,27.8,9.5,18.65
2010-07-12,47.94186,-71.382225,5.7,28.4,13.2,20.799999999999997
2010-07-13,47.94186,-71.382225,4.3,19.8,15.8,17.8
2010-07-14,47.94186,-71.382225,0.1,26.2,14.2,20.2
2010-07-15,47.94186,-71.382225,0.2,26.6,8.2,17.4
2010-07-16,47.94186,-71.382225,0.6,25.7,17.4,21.549999999999997
2010-07-17,47.94186,-71.382225,18.3,24.1,13.7,18.9
2010-07-18,47.94186,-71.382225,13.9,20.6,13.8,17.200000000000003
2010-07-19,47.94186,-71.382225,1.6,23.2,12.7,17.95
2010-07-20,47.94186,-71.382225,0.2,22.9,7.6,15.25
2010-07-21,47.94186,-71.382225,7.5,24.4,7.4,15.899999999999999
2010-07-22,47.94186,-71.382225,0.2,23.3,13.4,18.35
2010-07-23,47.94186,-71.382225,1.0,23.7,5.3,14.5
2010-07-24,47.94186,-71.382225,8.8,22.0,9.3,15.65
2010-07-25,47.94186,-71.382225,10.5,19.4,13.1,16.25
2010-07-26,47.94186,-71.382225,4.4,17.6,10.9,14.25
2010-07-27,47.94186,-71.382225,0.1,25.6,5.7,15.65
2010-07-28,47.94186,-71.382225,14.4,25.2,12.8,19.0
2010-07-29,47.94186,-71.382225,3.9,11.9,9.2,10.55
2010-07-30,47.94186,-71.382225,0.2,18.8,8.6,13.7
2010-07-31,47.94186,-71.382225,0.0,19.4,4.7,12.049999999999999
2010-08-01,47.94186,-71.382225,0.2,23.7,5.0,14.35
2010-08-02,47.94186,-71.382225,2.4,24.6,6.6,15.600000000000001
2010-08-03,47.94186,-71.382225,1.0,23.9,14.8,19.35
2010-08-04,47.94186,-71.382225,3.9,25.0,15.1,20.05
2010-08-05,47.94186,-71.382225,26.9,26.3,14.8,20.55
2010-08-06,47.94186,-71.382225,1.1,15.7,9.4,12.55
2010-08-07,47.94186,-71.382225,0.3,14.4,2.8,8.6
2010-08-08,47.94186,-71.382225,0.1,20.4,9.2,14.799999999999999
2010-08-09,47.94186,-71.382225,0.2,24.2,14.8,19.5
2010-08-10,47.94186,-71.382225,0.1,23.8,8.3,16.05
2010-08-11,47.94186,-71.382225,0.0,19.7,4.6,12.149999999999999
2010-08-12,47.94186,-71.382225,0.2,21.6,3.5,12.55
2010-08-13,47.94186,-71.382225,0.4,25.2,4.1,14.649999999999999
2010-08-14,47.94186,-71.382225,0.0,25.5,6.0,15.75
2010-08-15,47.94186,-71.382225,6.7,26.3,14.5,20.4
2010-08-16,47.94186,-71.382225,1.5,23.0,16.4,19.7
2010-08-17,47.94186,-71.382225,0.0,20.8,12.8,16.8
2010-08-18,47.94186,-71.382225,0.0,20.0,8.6,14.3
2010-08-19,47.94186,-71.382225,2.1,23.5,8.3,15.9
2010-08-20,47.94186,-71.382225,1.1,16.4,7.0,11.7
2010-08-21,47.94186,-71.382225,0.0,21.0,3.6,12.3
2010-08-22,47.94186,-71.382225,0.0,21.4,4.8,13.1
2010-08-23,47.94186,-71.382225,0.0,22.9,12.1,17.5
2010-08-24,47.94186,-71.382225,0.3,24.3,6.5,15.4
2010-08-25,47.94186,-71.382225,6.4,21.7,6.4,14.05
2010-08-26,47.94186,-71.382225,12.9,17.5,12.8,15.15
2010-08-27,47.94186,-71.382225,1.4,17.8,8.0,12.9
2010-08-28,47.94186,-71.382225,0.1,21.3,10.2,15.75
2010-08-29,47.94186,-71.382225,0.1,27.7,15.4,21.55
2010-08-30,47.94186,-71.382225,0.3,27.3,11.6,19.45
2010-08-31,47.94186,-71.382225,0.9,27.9,14.2,21.049999999999997
2010-09-01,47.94186,-71.382225,5.6,28.5,16.1,22.3
2010-09-02,47.94186,-71.382225,2.5,,14.9,
2010-09-03,47.94186,-71.382225,12.7,,,
2010-09-04,47.94186,-71.382225,4.5,,,
2010-09-05,47.94186,-71.382225,2.4,,,
2010-09-06,47.94186,-71.382225,0.0,,,
2010-09-07,47.94186,-71.382225,8.1,,,
2010-09-08,47.94186,-71.382225,21.2,14.2,12.2,13.2
2010-09-09,47.94186,-71.382225,4.1,10.4,7.9,9.15
2010-09-10,47.94186,-71.382225,0.0,16.6,6.8,11.700000000000001
2010-09-11,47.94186,-71.382225,0.0,17.5,-0.1,8.7
2010-09-12,47.94186,-71.382225,0.7,17.9,1.5,9.7
2010-09-13,47.94186,-71.382225,8.7,14.7,10.3,12.5
2010-09-14,47.94186,-71.382225,6.8,12.1,6.6,9.35
2010-09-15,47.94186,-71.382225,2.0,10.3,5.0,7.65
2010-09-16,47.94186,-71.382225,0.1,10.6,5.5,8.05
2010-09-17,47.94186,-71.382225,0.0,13.0,-1.4,5.8
2010-09-18,47.94186,-71.382225,4.4,16.9,-1.4,7.749999999999999
2010-09-19,47.94186,-71.382225,0.0,14.2,2.6,8.4
2010-09-20,47.94186,-71.382225,1.5,12.5,-1.1,5.7
2010-09-21,47.94186,-71.382225,17.1,13.7,-1.2,6.25
2010-09-22,47.94186,-71.382225,0.0,15.7,6.2,10.95
2010-09-23,47.94186,-71.382225,1.1,12.2,2.6,7.3999999999999995
2010-09-24,47.94186,-71.382225,76.3,12.1,2.1,7.1
2010-09-25,47.94186,-71.382225,3.1,12.4,5.3,8.85
2010-09-26,47.94186,-71.382225,0.0,11.7,-0.7,5.5
2010-09-27,47.94186,-71.382225,14.6,13.8,6.1,9.95
2010-09-28,47.94186,-71.382225,36.1,16.9,9.9,13.399999999999999
2010-09-29,47.94186,-71.382225,1.1,14.8,12.0,13.4
2010-09-30,47.94186,-71.382225,38.0,13.6,10.2,11.899999999999999
2010-10-01,47.94186,-71.382225,7.2,11.8,7.8,9.8
2010-10-02,47.94186,-71.382225,2.4,8.1,2.8,5.449999999999999
2010-10-03,47.94186,-71.382225,1.7,6.9,1.5,4.2
2010-10-04,47.94186,-71.382225,0.0,12.9,-2.6,5.15
2010-10-05,47.94186,-71.382225,0.1,15.8,-1.8,7.0
2010-10-06,47.94186,-71.382225,5.5,14.0,-1.9,6.05
2010-10-07,47.94186,-71.382225,10.7,7.2,4.6,5.9
2010-10-08,47.94186,-71.382225,0.0,10.0,1.9,5.95
2010-10-09,47.94186,-71.382225,0.0,5.0,-0.5,2.25
2010-10-10,47.94186,-71.382225,0.8,7.6,-0.3,3.65
2010-10-11,47.94186,-71.382225,0.7,5.7,-0.2,2.75
2010-10-12,47.94186,-71.382225,1.0,6.4,1.9,4.15
2010-10-13,47.94186,-71.382225,0.2,6.5,0.3,3.4
2010-10-14,47.94186,-71.382225,1.5,7.7,-1.2,3.25
2010-10-15,47.94186,-71.382225,19.2,6.0,2.3,4.15
2010-10-16,47.94186,-71.382225,2.3,5.0,1.1,3.05
2010-10-17,47.94186,-71.382225,6.6,4.4,0.1,2.25
2010-10-18,47.94186,-71.382225,1.8,2.0,-0.9,0.55
2010-10-19,47.94186,-71.382225,3.9,4.7,-3.1,0.8
2010-10-20,47.94186,-71.382225,0.0,6.9,-0.6,3.1500000000000004
2010-10-21,47.94186,-71.382225,10.3,5.3,0.3,2.8
2010-10-22,47.94186,-71.382225,9.2,-0.1,-1.3,-0.7000000000000001
2010-10-23,47.94186,-71.382225,0.0,-0.2,-2.2,-1.2000000000000002
2010-10-24,47.94186,-71.382225,1.6,3.0,-2.2,0.3999999999999999
2010-10-25,47.94186,-71.382225,14.5,3.4,-5.5,-1.05
2010-10-26,47.94186,-71.382225,1.1,8.6,0.7,4.6499999999999995
2010-10-27,47.94186,-71.382225,1.0,14.9,5.3,10.1
2010-10-28,47.94186,-71.382225,4.9,11.7,3.0,7.35
2010-10-29,47.94186,-71.382225,4.9,3.0,-0.6,1.2
2010-10-30,47.94186,-71.382225,0.4,-1.9,-5.9,-3.9000000000000004
2010-10-31,47.94186,-71.382225,5.0,-1.4,-7.5,-4.45
2010-11-01,47.94186,-71.382225,0.4,-0.8,-3.5,-2.15
2010-11-02,47.94186,-71.382225,0.0,1.4,-4.2,-1.4000000000000001
2010-11-03,47.94186,-71.382225,0.0,4.2,-10.2,-2.9999999999999996
2010-11-04,47.94186,-71.382225,7.7,3.9,-5.9,-1.0000000000000002
2010-11-05,47.94186,-71.382225,14.7,1.0,-0.2,0.4
2010-11-06,47.94186,-71.382225,0.4,-0.3,-2.5,-1.4
2010-11-07,47.94186,-71.382225,0.0,0.7,-4.1,-1.6999999999999997
2010-11-08,47.94186,-71.382225,0.0,-1.3,-5.4,-3.35
2010-11-09,47.94186,-71.382225,0.0,-0.2,-3.6,-1.9000000000000001
2010-11-10,47.94186,-71.382225,0.0,2.7,-6.4,-1.85
2010-11-11,47.94186,-71.382225,0.0,6.6,-8.0,-0.7000000000000002
2010-11-12,47.94186,-71.382225,0.4,10.0,-5.3,2.35
2010-11-13,47.94186,-71.382225,0.0,4.1,-2.6,0.7499999999999998
2010-11-14,47.94186,-71.382225,1.0,6.7,-5.9,0.3999999999999999
2010-11-15,47.94186,-71.382225,0.2,5.4,-1.3,2.0500000000000003
2010-11-16,47.94186,-71.382225,2.1,5.9,-2.2,1.85
2010-11-17,47.94186,-71.382225,21.3,2.9,-3.2,-0.15000000000000013
2010-11-18,47.94186,-71.382225,1.7,-1.3,-2.9,-2.1
2010-11-19,47.94186,-71.382225,3.2,-5.3,-13.4,-9.35
2010-11-20,47.94186,-71.382225,10.9,-2.6,-15.0,-8.8
2010-11-21,47.94186,-71.382225,1.7,-5.5,-13.5,-9.5
2010-11-22,47.94186,-71.382225,4.8,2.1,-15.5,-6.7
2010-11-23,47.94186,-71.382225,10.5,5.4,0.1,2.75
2010-11-24,47.94186,-71.382225,3.7,-6.6,-9.5,-8.05
2010-11-25,47.94186,-71.382225,0.0,-3.9,-10.4,-7.15
2010-11-26,47.94186,-71.382225,9.0,-1.7,-11.1,-6.3999999999999995
2010-11-27,47.94186,-71.382225,2.6,-2.6,-11.1,-6.85
2010-11-28,47.94186,-71.382225,0.9,-3.3,-10.8,-7.050000000000001
2010-11-29,47.94186,-71.382225,0.0,-2.0,-5.4,-3.7
2010-11-30,47.94186,-71.382225,3.3,4.8,-9.0,-2.1
2010-12-01,47.94186,-71.382225,2.9,5.3,0.9,3.1
2010-12-02,47.94186,-71.382225,0.8,1.1,-0.9,0.10000000000000003
2010-12-03,47.94186,-71.382225,5.1,-0.1,-3.8,-1.95
2010-12-04,47.94186,-71.382225,7.3,0.0,-4.2,-2.1
2010-12-05,47.94186,-71.382225,0.7,-0.6,-4.0,-2.3
2010-12-06,47.94186,-71.382225,32.6,-1.7,-5.6,-3.65
2010-12-07,47.94186,-71.382225,10.7,-1.2,-4.5,-2.85
2010-12-08,47.94186,-71.382225,2.0,-10.4,-12.1,-11.25
2010-12-09,47.94186,-71.382225,0.2,-12.3,-14.7,-13.5
2010-12-10,47.94186,-71.382225,0.4,-7.2,-24.6,-15.9
2010-12-11,47.94186,-71.382225,1.1,-4.8,-12.5,-8.65
2010-12-12,47.94186,-71.382225,29.9,2.7,-20.8,-9.05
2010-12-13,47.94186,-71.382225,4.8,4.3,-5.5,-0.6000000000000001
2010-12-14,47.94186,-71.382225,3.7,-6.6,-11.4,-9.0
2010-12-15,47.94186,-71.382225,2.1,-10.8,-17.1,-13.950000000000001
2010-12-16,47.94186,-71.382225,1.3,-10.8,-23.2,-17.0
2010-12-17,47.94186,-71.382225,0.8,-12.0,-18.5,-15.25
2010-12-18,47.94186,-71.382225,0.1,-4.9,-15.5,-10.2
2010-12-19,47.94186,-71.382225,0.0,-6.3,-12.1,-9.2
2010-12-20,47.94186,-71.382225,0.5,-7.2,-10.5,-8.85
2010-12-21,47.94186,-71.382225,0.7,-1.0,-9.5,-5.25
2010-12-22,47.94186,-71.382225,2.7,-3.5,-5.3,-4.4
2010-12-23,47.94186,-71.382225,0.0,-8.1,-10.4,-9.25
2010-12-24,47.94186,-71.382225,0.4,-10.7,-13.4,-12.05
2010-12-25,47.94186,-71.382225,0.0,-11.8,-15.4,-13.600000000000001
2010-12-26,47.94186,-71.382225,0.0,-11.1,-18.0,-14.55
2010-12-27,47.94186,-71.382225,0.1,-13.6,-18.1,-15.850000000000001
2010-12-28,47.94186,-71.382225,0.0,-12.0,-16.0,-14.0
2010-12-29,47.94186,-71.382225,0.0,-5.3,-22.8,-14.05
2010-12-30,47.94186,-71.382225,0.1,-1.8,-14.9,-8.35
2010-12-31,47.94186,-71.382225,7.4,1.8,-11.9,-5.05
2011-01-01,47.94186,-71.382225,2.0,5.6,0.4,3.0
2011-01-02,47.94186,-71.382225,3.0,4.9,-1.9,1.5000000000000002
2011-01-03,47.94186,-71.382225,0.7,-7.2,-11.5,-9.35
2011-01-04,47.94186,-71.382225,0.0,-10.4,-17.1,-13.75
2011-01-05,47.94186,-71.382225,4.0,-10.9,-20.3,-15.600000000000001
2011-01-06,47.94186,-71.382225,0.3,-11.2,-14.9,-13.05
2011-01-07,47.94186,-71.382225,0.1,-9.3,-24.0,-16.65
2011-01-08,47.94186,-71.382225,3.5,-5.7,-23.4,-14.549999999999999
2011-01-09,47.94186,-71.382225,7.8,-6.3,-9.5,-7.9
2011-01-10,47.94186,-71.382225,2.2,-7.4,-9.0,-8.2
2011-01-11,47.94186,-71.382225,0.0,-9.3,-13.8,-11.55
2011-01-12,47.94186,-71.382225,1.9,-8.9,-18.9,-13.899999999999999
2011-01-13,47.94186,-71.382225,0.6,-8.7,-12.8,-10.75
2011-01-14,47.94186,-71.382225,0.2,-12.3,-15.3,-13.8
2011-01-15,47.94186,-71.382225,2.2,-12.9,-17.8,-15.350000000000001
2011-01-16,47.94186,-71.382225,0.1,-13.6,-20.5,-17.05
2011-01-17,47.94186,-71.382225,0.1,-11.1,-29.2,-20.15
2011-01-18,47.94186,-71.382225,12.8,-5.1,-25.0,-15.05
2011-01-19,47.94186,-71.382225,0.0,-14.1,-17.8,-15.95
2011-01-20,47.94186,-71.382225,0.8,-12.3,-28.6,-20.450000000000003
2011-01-21,47.94186,-71.382225,1.0,-12.3,-23.3,-17.8
2011-01-22,47.94186,-71.382225,0.0,-19.4,-26.2,-22.799999999999997
2011-01-23,47.94186,-71.382225,0.0,-24.9,-36.1,-30.5
2011-01-24,47.94186,-71.382225,0.2,-22.1,-32.8,-27.45
2011-01-25,47.94186,-71.382225,0.2,-12.6,-31.2,-21.9
2011-01-26,47.94186,-71.382225,0.5,-6.8,-22.7,-14.75
2011-01-27,47.94186,-71.382225,0.0,-7.6,-14.6,-11.1
2011-01-28,47.94186,-71.382225,0.0,-8.0,-13.8,-10.9
2011-01-29,47.94186,-71.382225,0.0,-12.4,-24.9,-18.65
2011-01-30,47.94186,-71.382225,0.2,-12.4,-30.4,-21.4
2011-01-31,47.94186,-71.382225,0.0,-18.8,-29.9,-24.35
2011-02-01,47.94186,-71.382225,0.2,-14.0,-29.3,-21.65
2011-02-02,47.94186,-71.382225,0.2,-13.2,-29.3,-21.25
2011-02-03,47.94186,-71.382225,,-8.2,-26.7,-17.45
2011-02-04,47.94186,-71.382225,,-6.9,-12.1,-9.5
2011-02-05,47.94186,-71.382225,,-5.5,-8.6,-7.05
2011-02-06,47.94186,-71.382225,,-5.3,-9.3,-7.300000000000001
2011-02-07,47.94186,-71.382225,,-10.2,-19.0,-14.6
2011-02-08,47.94186,-71.382225,,-14.7,-21.7,-18.2
2011-02-09,47.94186,-71.382225,,-14.3,-30.9,-22.6
2011-02-10,47.94186,-71.382225,,-16.2,-32.0,-24.1
2011-02-11,47.94186,-71.382225,,-11.0,-28.1,-19.55
2011-02-12,47.94186,-71.382225,,-7.5,-23.9,-15.7
2011-02-13,47.94186,-71.382225,,-8.9,-29.7,-19.3
2011-02-14,47.94186,-71.382225,,-6.1,-12.2,-9.149999999999999
2011-02-15,47.94186,-71.382225,,-15.2,-26.1,-20.65
2011-02-16,47.94186,-71.382225,,-4.3,-27.4,-15.85
2011-02-17,47.94186,-71.382225,,2.6,-7.5,-2.45
2011-02-18,47.94186,-71.382225,2.8,4.8,-3.1,0.8499999999999999
2011-02-19,47.94186,-71.382225,1.4,-6.0,-13.4,-9.7
2011-02-20,47.94186,-71.382225,0.1,-12.5,-18.3,-15.4
2011-02-21,47.94186,-71.382225,0.2,-17.3,-24.6,-20.950000000000003
2011-02-22,47.94186,-71.382225,0.5,-9.7,-22.8,-16.25
2011-02-23,47.94186,-71.382225,0.2,-5.5,-29.4,-17.45
2011-02-24,47.94186,-71.382225,1.4,-1.0,-23.9,-12.45
2011-02-25,47.94186,-71.382225,0.0,-6.0,-13.1,-9.55
2011-02-26,47.94186,-71.382225,0.1,-15.1,-24.3,-19.7
2011-02-27,47.94186,-71.382225,2.5,-5.6,-30.0,-17.8
2011-02-28,47.94186,-71.382225,16.4,-3.1,-14.3,-8.700000000000001
2011-03-01,47.94186,-71.382225,3.5,-6.8,-16.7,-11.75
2011-03-02,47.94186,-71.382225,2.8,-5.6,-18.4,-12.0
2011-03-03,47.94186,-71.382225,0.0,-14.6,-27.1,-20.85
2011-03-04,47.94186,-71.382225,1.9,-4.8,-28.4,-16.599999999999998
2011-03-05,47.94186,-71.382225,32.4,0.0,-9.1,-4.55
2011-03-06,47.94186,-71.382225,3.3,-9.0,-12.6,-10.8
2011-03-07,47.94186,-71.382225,7.7,-11.4,-16.5,-13.95
2011-03-08,47.94186,-71.382225,0.6,-8.4,-29.2,-18.8
2011-03-09,47.94186,-71.382225,3.2,-0.4,-26.9,-13.649999999999999
2011-03-10,47.94186,-71.382225,4.5,0.6,-8.6,-4.0
2011-03-11,47.94186,-71.382225,4.5,4.9,-0.9,2.0
2011-03-12,47.94186,-71.382225,5.0,6.6,0.4,3.5
2011-03-13,47.94186,-71.382225,0.1,-5.4,-7.1,-6.25
2011-03-14,47.94186,-71.382225,0.2,-0.1,-17.6,-8.850000000000001
2011-03-15,47.94186,-71.382225,0.0,4.2,-18.7,-7.25
2011-03-16,47.94186,-71.382225,0.0,3.4,-9.1,-2.8499999999999996
2011-03-17,47.94186,-71.382225,25.8,5.3,0.1,2.6999999999999997
2011-03-18,47.94186,-71.382225,5.1,1.1,-6.2,-2.55
2011-03-19,47.94186,-71.382225,0.1,-2.0,-20.5,-11.25
2011-03-20,47.94186,-71.382225,0.0,1.8,-21.1,-9.65
2011-03-21,47.94186,-71.382225,1.9,1.1,-15.6,-7.25
2011-03-22,47.94186,-71.382225,2.7,-1.7,-7.4,-4.55
2011-03-23,47.94186,-71.382225,0.2,-2.1,-14.2,-8.15
2011-03-24,47.94186,-71.382225,1.9,-1.8,-21.0,-11.4
2011-03-25,47.94186,-71.382225,2.4,-3.3,-11.6,-7.449999999999999
2011-03-26,47.94186,-71.382225,0.0,-7.1,-15.7,-11.399999999999999
2011-03-27,47.94186,-71.382225,4.6,-7.1,-19.1,-13.100000000000001
2011-03-28,47.94186,-71.382225,0.2,-5.0,-13.3,-9.15
2011-03-29,47.94186,-71.382225,0.2,-1.0,-8.2,-4.6
2011-03-30,47.94186,-71.382225,0.0,1.8,-5.9,-2.0500000000000003
2011-03-31,47.94186,-71.382225,0.1,9.6,-17.6,-4.000000000000001
2011-04-01,47.94186,-71.382225,1.6,4.9,-7.3,-1.1999999999999997
2011-04-02,47.94186,-71.382225,0.2,6.7,-3.3,1.7000000000000002
2011-04-03,47.94186,-71.382225,0.0,3.4,-8.9,-2.75
2011-04-04,47.94186,-71.382225,11.7,5.0,-11.7,-3.3499999999999996
2011-04-05,47.94186,-71.382225,5.6,3.9,-0.9,1.5
2011-04-06,47.94186,-71.382225,0.2,-3.0,-8.7,-5.85
2011-04-07,47.94186,-71.382225,0.3,0.4,-10.9,-5.25
2011-04-08,47.94186,-71.382225,0.0,6.0,-18.8,-6.4
2011-04-09,47.94186,-71.382225,0.0,7.9,-3.2,2.35
2011-04-10,47.94186,-71.382225,0.1,13.8,-5.2,4.300000000000001
2011-04-11,47.94186,-71.382225,5.0,11.2,-1.4,4.8999999999999995
2011-04-12,47.94186,-71.382225,0.0,6.6,-2.3,2.15
2011-04-13,47.94186,-71.382225,6.4,9.6,-6.7,1.4499999999999997
2011-04-14,47.94186,-71.382225,0.2,-1.3,-6.5,-3.9
2011-04-15,47.94186,-71.382225,0.0,-3.5,-15.0,-9.25
2011-04-16,47.94186,-71.382225,8.7,4.5,-16.4,-5.949999999999999
2011-04-17,47.94186,-71.382225,3.4,5.6,-1.7,1.9499999999999997
2011-04-18,47.94186,-71.382225,0.5,1.5,-2.6,-0.55
2011-04-19,47.94186,-71.382225,0.0,3.4,-9.5,-3.05
2011-04-20,47.94186,-71.382225,18.0,-2.8,-11.0,-6.9
2011-04-21,47.94186,-71.382225,4.1,1.4,-5.8,-2.2
2011-04-22,47.94186,-71.382225,0.1,8.0,-13.0,-2.5
2011-04-23,47.94186,-71.382225,5.5,6.6,-7.1,-0.25
2011-04-24,47.94186,-71.382225,0.0,8.0,0.3,4.15
2011-04-25,47.94186,-71.382225,0.1,12.1,-4.6,3.75
2011-04-26,47.94186,-71.382225,2.6,9.6,-3.6,3.0
2011-04-27,47.94186,-71.382225,4.5,11.5,1.1,6.3
2011-04-28,47.94186,-71.382225,2.6,15.5,3.1,9.3
2011-04-29,47.94186,-71.382225,4.4,5.9,1.8,3.85
2011-04-30,47.94186,-71.382225,0.0,11.5,-0.7,5.4
2011-05-01,47.94186,-71.382225,0.1,17.5,-4.2,6.65
2011-05-02,47.94186,-71.382225,4.2,13.9,2.4,8.15
2011-05-03,47.94186,-71.382225,20.5,7.2,2.1,4.65
2011-05-04,47.94186,-71.382225,12.2,3.2,1.3,2.25
2011-05-05,47.94186,-71.382225,15.3,2.6,0.0,1.3
2011-05-06,47.94186,-71.382225,5.4,5.2,-1.1,2.05
2011-05-07,47.94186,-71.382225,0.4,6.9,0.6,3.75
2011-05-08,47.94186,-71.382225,0.1,11.3,-3.0,4.15
2011-05-09,47.94186,-71.382225,0.0,12.9,-2.3,5.300000000000001
2011-05-10,47.94186,-71.382225,0.0,13.4,-4.0,4.7
2011-05-11,47.94186,-71.382225,0.3,15.3,-2.6,6.3500000000000005
2011-05-12,47.94186,-71.382225,0.0,18.2,-1.8,8.2
2011-05-13,47.94186,-71.382225,5.8,17.2,-0.6,8.299999999999999
2011-05-14,47.94186,-71.382225,0.1,11.3,3.5,7.4
2011-05-15,47.94186,-71.382225,0.0,10.0,0.5,5.25
2011-05-16,47.94186,-71.382225,4.3,5.6,-2.6,1.4999999999999998
2011-05-17,47.94186,-71.382225,1.1,12.0,0.3,6.15
2011-05-18,47.94186,-71.382225,0.0,21.6,6.2,13.9
2011-05-19,47.94186,-71.382225,0.3,22.7,4.1,13.399999999999999
2011-05-20,47.94186,-71.382225,0.8,24.2,6.6,15.399999999999999
2011-05-21,47.94186,-71.382225,0.0,18.1,1.2,9.65
2011-05-22,47.94186,-71.382225,5.4,21.1,2.6,11.850000000000001
2011-05-23,47.94186,-71.382225,4.8,15.7,10.1,12.899999999999999
2011-05-24,47.94186,-71.382225,7.9,17.1,8.3,12.700000000000001
2011-05-25,47.94186,-71.382225,9.4,13.6,1.2,7.3999999999999995
2011-05-26,47.94186,-71.382225,9.2,8.0,0.0,4.0
2011-05-27,47.94186,-71.382225,2.8,11.4,3.7,7.550000000000001
2011-05-28,47.94186,-71.382225,13.5,14.7,0.9,7.8
2011-05-29,47.94186,-71.382225,3.9,18.1,11.7,14.9
2011-05-30,47.94186,-71.382225,0.0,21.2,4.4,12.8
2011-05-31,47.94186,-71.382225,2.2,21.3,0.6,10.950000000000001
2011-06-01,47.94186,-71.382225,10.3,26.4,13.4,19.9
2011-06-02,47.94186,-71.382225,8.1,9.1,3.7,6.4
2011-06-03,47.94186,-71.382225,0.0,14.9,3.1,9.0
2011-06-04,47.94186,-71.382225,0.1,18.8,-1.9,8.450000000000001
2011-06-05,47.94186,-71.382225,0.3,16.7,6.0,11.35
2011-06-06,47.94186,-71.382225,0.2,21.7,5.6,13.649999999999999
2011-06-07,47.94186,-71.382225,1.5,21.9,6.2,14.049999999999999
2011-06-08,47.94186,-71.382225,13.3,25.7,8.3,17.0
2011-06-09,47.94186,-71.382225,0.0,15.7,10.9,13.3
2011-06-10,47.94186,-71.382225,0.1,17.1,0.4,8.75
2011-06-11,47.94186,-71.382225,0.9,21.7,-0.2,10.75
2011-06-12,47.94186,-71.382225,6.9,14.9,8.7,11.8
2011-06-13,47.94186,-71.382225,0.9,13.9,7.0,10.45
2011-06-14,47.94186,-71.382225,0.8,23.7,0.0,11.85
2011-06-15,47.94186,-71.382225,0.1,27.0,5.7,16.35
2011-06-16,47.94186,-71.382225,5.1,26.0,7.0,16.5
2011-06-17,47.94186,-71.382225,12.7,23.2,11.9,17.55
2011-06-18,47.94186,-71.382225,1.0,21.5,11.9,16.7
2011-06-19,47.94186,-71.382225,0.3,15.7,5.2,10.45
2011-06-20,47.94186,-71.382225,0.1,19.8,5.5,12.65
2011-06-21,47.94186,-71.382225,0.2,22.8,3.6,13.200000000000001
2011-06-22,47.94186,-71.382225,0.2,25.1,4.4,14.75
2011-06-23,47.94186,-71.382225,0.7,24.8,7.8,16.3
2011-06-24,47.94186,-71.382225,1.1,15.7,12.6,14.149999999999999
2011-06-25,47.94186,-71.382225,0.4,18.8,10.5,14.65
2011-06-26,47.94186,-71.382225,4.8,17.9,12.2,15.049999999999999
2011-06-27,47.94186,-71.382225,0.0,24.3,5.8,15.05
2011-06-28,47.94186,-71.382225,9.5,27.2,7.4,17.3
2011-06-29,47.94186,-71.382225,11.6,21.3,13.6,17.45
2011-06-30,47.94186,-71.382225,35.3,19.0,12.4,15.7
2011-07-01,47.94186,-71.382225,0.2,21.8,12.4,17.1
2011-07-02,47.94186,-71.382225,0.0,25.8,9.3,17.55
2011-07-03,47.94186,-71.382225,4.0,28.6,15.2,21.9
2011-07-04,47.94186,-71.382225,0.5,25.1,11.5,18.3
2011-07-05,47.94186,-71.382225,0.0,23.5,6.2,14.85
2011-07-06,47.94186,-71.382225,12.1,21.1,11.8,16.450000000000003
2011-07-07,47.94186,-71.382225,0.1,18.6,8.6,13.600000000000001
2011-07-08,47.94186,-71.382225,9.7,21.8,5.9,13.850000000000001
2011-07-09,47.94186,-71.382225,0.2,21.2,11.1,16.15
2011-07-10,47.94186,-71.382225,3.3,23.8,6.8,15.3
2011-07-11,47.94186,-71.382225,0.3,25.8,14.4,20.1
2011-07-12,47.94186,-71.382225,12.4,23.6,14.6,19.1
2011-07-13,47.94186,-71.382225,0.4,21.1,9.8,15.450000000000001
2011-07-14,47.94186,-71.382225,0.2,23.4,5.3,14.35
2011-07-15,47.94186,-71.382225,0.1,26.0,6.2,16.1
2011-07-16,47.94186,-71.382225,0.4,27.3,7.9,17.6
2011-07-17,47.94186,-71.382225,27.6,24.4,14.5,19.45
2011-07-18,47.94186,-71.382225,0.2,23.0,14.7,18.85
2011-07-19,47.94186,-71.382225,0.1,20.9,5.5,13.2
2011-07-20,47.94186,-71.382225,26.5,23.8,6.4,15.100000000000001
2011-07-21,47.94186,-71.382225,14.6,21.6,16.0,18.8
2011-07-22,47.94186,-71.382225,0.3,25.9,16.4,21.15
2011-07-23,47.94186,-71.382225,4.1,26.1,12.7,19.4
2011-07-24,47.94186,-71.382225,0.2,22.0,10.7,16.35
2011-07-25,47.94186,-71.382225,0.4,23.0,5.2,14.1
2011-07-26,47.94186,-71.382225,6.3,19.6,12.4,16.0
2011-07-27,47.94186,-71.382225,0.1,17.7,11.4,14.55
2011-07-28,47.94186,-71.382225,0.2,26.0,7.3,16.65
2011-07-29,47.94186,-71.382225,7.0,23.8,11.5,17.65
2011-07-30,47.94186,-71.382225,0.2,20.4,13.4,16.9
2011-07-31,47.94186,-71.382225,12.7,23.1,4.8,13.950000000000001
2011-08-01,47.94186,-71.382225,2.4,23.6,13.2,18.4
2011-08-02,47.94186,-71.382225,1.9,20.7,11.1,15.899999999999999
2011-08-03,47.94186,-71.382225,0.5,21.0,8.3,14.65
2011-08-04,47.94186,-71.382225,1.3,22.0,9.0,15.5
2011-08-05,47.94186,-71.382225,13.9,26.0,11.0,18.5
2011-08-06,47.94186,-71.382225,15.3,26.5,13.9,20.2
2011-08-07,47.94186,-71.382225,12.8,23.1,13.6,18.35
2011-08-08,47.94186,-71.382225,0.3,21.2,14.9,18.05
2011-08-09,47.94186,-71.382225,0.8,24.3,6.7,15.5
2011-08-10,47.94186,-71.382225,18.6,18.4,13.4,15.899999999999999
2011-08-11,47.94186,-71.382225,12.9,20.2,11.4,15.8
2011-08-12,47.94186,-71.382225,3.9,18.7,12.5,15.6
2011-08-13,47.94186,-71.382225,1.9,23.4,10.0,16.7
2011-08-14,47.94186,-71.382225,0.6,20.5,12.3,16.4
2011-08-15,47.94186,-71.382225,0.0,22.2,10.3,16.25
2011-08-16,47.94186,-71.382225,0.2,21.3,13.5,17.4
2011-08-17,47.94186,-71.382225,0.1,20.3,3.9,12.1
2011-08-18,47.94186,-71.382225,0.4,22.9,10.5,16.7
2011-08-19,47.94186,-71.382225,5.3,25.1,10.1,17.6
2011-08-20,47.94186,-71.382225,16.4,24.9,10.2,17.549999999999997
2011-08-21,47.94186,-71.382225,21.4,17.9,14.1,16.0
2011-08-22,47.94186,-71.382225,7.3,15.3,11.0,13.15
2011-08-23,47.94186,-71.382225,0.1,18.9,6.0,12.45
2011-08-24,47.94186,-71.382225,0.5,23.2,10.2,16.7
2011-08-25,47.94186,-71.382225,14.1,20.5,15.4,17.95
2011-08-26,47.94186,-71.382225,0.3,20.7,9.6,15.149999999999999
2011-08-27,47.94186,-71.382225,0.4,19.7,8.5,14.1
2011-08-28,47.94186,-71.382225,51.3,15.8,6.7,11.25
2011-08-29,47.94186,-71.382225,1.1,17.7,9.1,13.399999999999999
2011-08-30,47.94186,-71.382225,6.0,17.6,5.1,11.350000000000001
2011-08-31,47.94186,-71.382225,0.1,16.5,8.7,12.6
2011-09-01,47.94186,-71.382225,0.3,22.1,3.2,12.65
2011-09-02,47.94186,-71.382225,6.3,23.0,7.6,15.3
2011-09-03,47.94186,-71.382225,0.1,20.0,11.0,15.5
2011-09-04,47.94186,-71.382225,18.1,18.5,8.3,13.4
2011-09-05,47.94186,-71.382225,6.1,13.0,10.7,11.85
2011-09-06,47.94186,-71.382225,0.6,13.6,9.4,11.5
2011-09-07,47.94186,-71.382225,0.0,18.2,5.2,11.7
2011-09-08,47.94186,-71.382225,0.0,19.1,8.7,13.9
2011-09-09,47.94186,-71.382225,0.0,20.2,5.9,13.05
2011-09-10,47.94186,-71.382225,0.0,12.8,5.2,9.0
2011-09-11,47.94186,-71.382225,0.6,19.0,-0.1,9.45
2011-09-12,47.94186,-71.382225,0.5,17.2,9.2,13.2
2011-09-13,47.94186,-71.382225,6.5,19.6,4.9,12.25
2011-09-14,47.94186,-71.382225,3.7,10.2,4.2,7.199999999999999
2011-09-15,47.94186,-71.382225,3.0,9.8,4.2,7.0
2011-09-16,47.94186,-71.382225,2.7,8.5,0.5,4.5
2011-09-17,47.94186,-71.382225,0.0,14.1,2.3,8.2
2011-09-18,47.94186,-71.382225,0.0,17.7,-1.0,8.35
2011-09-19,47.94186,-71.382225,3.5,17.4,-1.1,8.149999999999999
2011-09-20,47.94186,-71.382225,0.8,12.0,1.9,6.95
2011-09-21,47.94186,-71.382225,0.4,18.6,2.9,10.75
2011-09-22,47.94186,-71.382225,2.5,18.5,6.5,12.5
2011-09-23,47.94186,-71.382225,0.2,19.5,9.4,14.45
2011-09-24,47.94186,-71.382225,0.2,23.1,6.9,15.0
2011-09-25,47.94186,-71.382225,0.0,23.2,7.1,15.149999999999999
2011-09-26,47.94186,-71.382225,0.0,20.3,9.5,14.9
2011-09-27,47.94186,-71.382225,0.4,19.1,3.2,11.15
2011-09-28,47.94186,-71.382225,0.1,21.6,1.9,11.75
2011-09-29,47.94186,-71.382225,11.1,18.3,12.6,15.45
2011-09-30,47.94186,-71.382225,5.8,15.6,10.8,13.2
2011-10-01,47.94186,-71.382225,0.1,6.9,0.4,3.6500000000000004
2011-10-02,47.94186,-71.382225,0.0,15.0,1.6,8.3
2011-10-03,47.94186,-71.382225,3.9,12.8,6.1,9.45
2011-10-04,47.94186,-71.382225,3.7,12.4,6.0,9.2
2011-10-05,47.94186,-71.382225,0.6,7.8,1.1,4.45
2011-10-06,47.94186,-71.382225,0.0,5.2,-4.5,0.3500000000000001
2011-10-07,47.94186,-71.382225,0.0,13.9,-4.7,4.6
2011-10-08,47.94186,-71.382225,0.0,21.4,2.2,11.799999999999999
2011-10-09,47.94186,-71.382225,0.2,22.8,11.6,17.2
2011-10-10,47.94186,-71.382225,0.0,14.7,4.3,9.5
2011-10-11,47.94186,-71.382225,0.0,14.2,-2.3,5.949999999999999
2011-10-12,47.94186,-71.382225,0.2,18.1,-0.9,8.600000000000001
2011-10-13,47.94186,-71.382225,0.0,15.3,5.4,10.350000000000001
2011-10-14,47.94186,-71.382225,29.8,17.9,9.0,13.45
2011-10-15,47.94186,-71.382225,9.6,10.5,6.8,8.65
2011-10-16,47.94186,-71.382225,3.8,6.5,2.6,4.55
2011-10-17,47.94186,-71.382225,4.1,5.4,0.0,2.7
2011-10-18,47.94186,-71.382225,6.6,5.6,2.5,4.05
2011-10-19,47.94186,-71.382225,2.1,8.7,1.3,5.0
2011-10-20,47.94186,-71.382225,7.4,8.8,-1.1,3.8500000000000005
2011-10-21,47.94186,-71.382225,3.4,7.9,5.0,6.45
2011-10-22,47.94186,-71.382225,1.0,6.8,3.3,5.05
2011-10-23,47.94186,-71.382225,0.0,4.4,1.0,2.7
2011-10-24,47.94186,-71.382225,1.0,8.8,-1.2,3.8000000000000003
2011-10-25,47.94186,-71.382225,8.3,5.3,2.0,3.65
2011-10-26,47.94186,-71.382225,0.1,0.1,-1.2,-0.5499999999999999
2011-10-27,47.94186,-71.382225,0.3,0.1,-2.8,-1.3499999999999999
2011-10-28,47.94186,-71.382225,1.7,0.4,-3.7,-1.6500000000000001
2011-10-29,47.94186,-71.382225,0.0,2.1,-7.7,-2.8
2011-10-30,47.94186,-71.382225,0.1,1.2,-4.4,-1.6
2011-10-31,47.94186,-71.382225,0.0,4.7,-8.8,-2.0500000000000003
2011-11-01,47.94186,-71.382225,0.0,7.7,-2.8,2.45
2011-11-02,47.94186,-71.382225,0.9,10.2,-1.7,4.25
2011-11-03,47.94186,-71.382225,5.2,5.5,-0.1,2.7
2011-11-04,47.94186,-71.382225,4.0,-0.8,-2.6,-1.7000000000000002
2011-11-05,47.94186,-71.382225,0.1,2.9,-3.0,-0.050000000000000044
2011-11-06,47.94186,-71.382225,0.2,6.3,-5.6,0.3500000000000001
2011-11-07,47.94186,-71.382225,0.7,9.1,-1.6,3.75
2011-11-08,47.94186,-71.382225,1.1,6.2,-2.0,2.1
2011-11-09,47.94186,-71.382225,2.0,6.8,-1.3,2.75
2011-11-10,47.94186,-71.382225,11.6,9.1,1.9,5.5
2011-11-11,47.94186,-71.382225,2.4,0.9,-2.8,-0.95
2011-11-12,47.94186,-71.382225,2.3,0.9,-5.7,-2.4
2011-11-13,47.94186,-71.382225,1.6,6.4,-0.4,3.0
2011-11-14,47.94186,-71.382225,3.1,9.6,3.8,6.699999999999999
2011-11-15,47.94186,-71.382225,1.3,7.3,-0.7,3.3
2011-11-16,47.94186,-71.382225,3.2,7.2,-1.6,2.8
2011-11-17,47.94186,-71.382225,0.6,-1.8,-5.9,-3.85
2011-11-18,47.94186,-71.382225,3.9,-1.9,-6.6,-4.25
2011-11-19,47.94186,-71.382225,5.9,1.9,-4.9,-1.5000000000000002
2011-11-20,47.94186,-71.382225,4.0,2.2,-5.4,-1.6
2011-11-21,47.94186,-71.382225,0.0,-8.4,-13.9,-11.15
2011-11-22,47.94186,-71.382225,0.0,-5.1,-18.7,-11.899999999999999
2011-11-23,47.94186,-71.382225,0.0,-3.2,-13.1,-8.15
2011-11-24,47.94186,-71.382225,0.3,0.9,-11.1,-5.1
2011-11-25,47.94186,-71.382225,1.8,2.7,-1.9,0.40000000000000013
2011-11-26,47.94186,-71.382225,0.4,-1.0,-2.0,-1.5
2011-11-27,47.94186,-71.382225,18.4,7.0,-2.5,2.25
2011-11-28,47.94186,-71.382225,0.8,3.5,-2.2,0.6499999999999999
2011-11-29,47.94186,-71.382225,26.1,3.6,-3.7,-0.050000000000000044
2011-11-30,47.94186,-71.382225,2.5,8.4,-1.0,3.7
2011-12-01,47.94186,-71.382225,0.7,-5.1,-8.4,-6.75
2011-12-02,47.94186,-71.382225,3.3,-3.5,-11.1,-7.3
2011-12-03,47.94186,-71.382225,2.7,-0.2,-15.5,-7.85
2011-12-04,47.94186,-71.382225,8.7,3.9,-5.2,-0.6500000000000001
2011-12-05,47.94186,-71.382225,5.7,3.3,-1.8,0.7499999999999999
2011-12-06,47.94186,-71.382225,0.5,-3.5,-7.5,-5.5
2011-12-07,47.94186,-71.382225,1.1,0.5,-5.3,-2.4
2011-12-08,47.94186,-71.382225,1.9,-5.8,-11.5,-8.65
2011-12-09,47.94186,-71.382225,6.0,-3.8,-12.7,-8.25
2011-12-10,47.94186,-71.382225,1.9,-9.3,-16.5,-12.9
2011-12-11,47.94186,-71.382225,1.0,-2.4,-18.4,-10.399999999999999
2011-12-12,47.94186,-71.382225,1.0,-1.1,-6.7,-3.9000000000000004
2011-12-13,47.94186,-71.382225,0.8,-1.1,-4.0,-2.55
2011-12-14,47.94186,-71.382225,3.4,-1.1,-5.7,-3.4000000000000004
2011-12-15,47.94186,-71.382225,20.2,3.7,-6.2,-1.25
2011-12-16,47.94186,-71.382225,2.0,-2.9,-11.8,-7.3500000000000005
2011-12-17,47.94186,-71.382225,0.0,-15.8,-21.8,-18.8
2011-12-18,47.94186,-71.382225,1.2,-8.1,-26.2,-17.15
2011-12-19,47.94186,-71.382225,7.8,-3.6,-16.0,-9.8
2011-12-20,47.94186,-71.382225,0.1,-8.1,-18.7,-13.399999999999999
2011-12-21,47.94186,-71.382225,0.3,-3.6,-17.7,-10.65
2011-12-22,47.94186,-71.382225,1.5,-3.2,-4.6,-3.9
2011-12-23,47.94186,-71.382225,0.6,-14.5,-19.1,-16.8
2011-12-24,47.94186,-71.382225,0.0,-16.9,-29.8,-23.35
2011-12-25,47.94186,-71.382225,2.4,-7.5,-26.3,-16.9
2011-12-26,47.94186,-71.382225,0.1,-2.2,-10.3,-6.25
2011-12-27,47.94186,-71.382225,9.4,-0.2,-9.3,-4.75
2011-12-28,47.94186,-71.382225,4.7,0.4,-12.9,-6.25
2011-12-29,47.94186,-71.382225,0.0,-17.2,-21.4,-19.299999999999997
2011-12-30,47.94186,-71.382225,0.8,-5.7,-29.1,-17.400000000000002
2011-12-31,47.94186,-71.382225,1.3,-2.2,-22.4,-12.299999999999999
2012-01-01,47.94186,-71.382225,1.0,1.0,-10.9,-4.95
2012-01-02,47.94186,-71.382225,2.3,-0.6,-9.9,-5.25
2012-01-03,47.94186,-71.382225,0.0,-20.2,-22.4,-21.299999999999997
2012-01-04,47.94186,-71.382225,0.5,-13.0,-24.6,-18.8
2012-01-05,47.94186,-71.382225,0.6,-11.0,-20.0,-15.5
2012-01-06,47.94186,-71.382225,1.1,-6.2,-28.4,-17.3
2012-01-07,47.94186,-71.382225,1.7,-1.5,-13.0,-7.25
2012-01-08,47.94186,-71.382225,0.0,-13.5,-20.7,-17.1
2012-01-09,47.94186,-71.382225,1.7,-3.4,-22.1,-12.75
2012-01-10,47.94186,-71.382225,1.3,-3.1,-18.2,-10.65
2012-01-11,47.94186,-71.382225,0.0,-10.4,-31.1,-20.75
2012-01-12,47.94186,-71.382225,1.1,-7.6,-17.1,-12.350000000000001
2012-01-13,47.94186,-71.382225,1.7,-3.1,-9.8,-6.45
2012-01-14,47.94186,-71.382225,,-23.0,-26.3,-24.65
2012-01-15,47.94186,-71.382225,,-21.1,-35.0,-28.05
2012-01-16,47.94186,-71.382225,,-8.2,-29.5,-18.85
2012-01-17,47.94186,-71.382225,,-4.4,-11.2,-7.8
2012-01-18,47.94186,-71.382225,,-12.2,-18.6,-15.4
2012-01-19,47.94186,-71.382225,,-11.2,-30.4,-20.799999999999997
2012-01-20,47.94186,-71.382225,,-9.2,-19.1,-14.15
2012-01-21,47.94186,-71.382225,,-14.7,-31.0,-22.85
2012-01-22,47.94186,-71.382225,,-7.5,-26.4,-16.95
2012-01-23,47.94186,-71.382225,0.4,2.6,-12.6,-5.0
2012-01-24,47.94186,-71.382225,3.8,2.5,-1.2,0.65
2012-01-25,47.94186,-71.382225,0.0,-11.7,-13.6,-12.649999999999999
2012-01-26,47.94186,-71.382225,0.1,-7.5,-21.6,-14.55
2012-01-27,47.94186,-71.382225,9.9,-6.5,-18.1,-12.3
2012-01-28,47.94186,-71.382225,6.6,-2.7,-10.3,-6.5
2012-01-29,47.94186,-71.382225,4.0,-5.0,-8.1,-6.55
2012-01-30,47.94186,-71.382225,0.1,-14.8,-19.0,-16.9
2012-01-31,47.94186,-71.382225,3.7,-8.5,-28.8,-18.65
2012-02-01,47.94186,-71.382225,5.6,-8.0,-14.6,-11.3
2012-02-02,47.94186,-71.382225,0.0,-8.0,-21.5,-14.75
2012-02-03,47.94186,-71.382225,2.2,-7.2,-24.7,-15.95
2012-02-04,47.94186,-71.382225,0.1,-12.0,-18.6,-15.3
2012-02-05,47.94186,-71.382225,9.1,-4.5,-27.8,-16.15
2012-02-06,47.94186,-71.382225,7.7,-2.5,-10.3,-6.4
2012-02-07,47.94186,-71.382225,0.0,-12.6,-22.6,-17.6
2012-02-08,47.94186,-71.382225,0.2,-7.9,-30.8,-19.35
2012-02-09,47.94186,-71.382225,0.3,-4.7,-18.6,-11.65
2012-02-10,47.94186,-71.382225,2.1,-3.5,-17.2,-10.35
2012-02-11,47.94186,-71.382225,0.0,-16.0,-23.5,-19.75
2012-02-12,47.94186,-71.382225,0.1,-20.3,-33.6,-26.950000000000003
2012-02-13,47.94186,-71.382225,0.0,-18.1,-36.4,-27.25
2012-02-14,47.94186,-71.382225,1.4,-4.2,-33.0,-18.6
2012-02-15,47.94186,-71.382225,0.3,-0.4,-6.5,-3.45
2012-02-16,47.94186,-71.382225,1.2,1.1,-6.4,-2.6500000000000004
2012-02-17,47.94186,-71.382225,3.8,1.1,-3.3,-1.0999999999999999
2012-02-18,47.94186,-71.382225,1.3,-5.5,-9.0,-7.25
2012-02-19,47.94186,-71.382225,0.0,-9.0,-15.8,-12.4
2012-02-20,47.94186,-71.382225,0.0,-7.3,-17.9,-12.6
2012-02-21,47.94186,-71.382225,0.2,-1.9,-20.6,-11.25
2012-02-22,47.94186,-71.382225,1.3,1.2,-8.8,-3.8000000000000003
2012-02-23,47.94186,-71.382225,2.9,1.0,-5.2,-2.1
2012-02-24,47.94186,-71.382225,5.2,-1.7,-6.4,-4.05
2012-02-25,47.94186,-71.382225,7.4,-1.6,-4.6,-3.0999999999999996
2012-02-26,47.94186,-71.382225,0.0,-10.3,-18.0,-14.15
2012-02-27,47.94186,-71.382225,4.1,-6.1,-27.9,-17.0
2012-02-28,47.94186,-71.382225,0.0,-7.5,-16.7,-12.1
2012-02-29,47.94186,-71.382225,1.1,-6.8,-22.3,-14.55
2012-03-01,47.94186,-71.382225,0.1,-5.8,-23.3,-14.55
2012-03-02,47.94186,-71.382225,2.4,-2.4,-14.3,-8.35
2012-03-03,47.94186,-71.382225,7.9,1.4,-6.0,-2.3
2012-03-04,47.94186,-71.382225,1.9,-8.2,-13.9,-11.05
2012-03-05,47.94186,-71.382225,0.0,-6.3,-20.8,-13.55
2012-03-06,47.94186,-71.382225,0.4,-4.3,-22.9,-13.6
2012-03-07,47.94186,-71.382225,5.7,6.4,-18.5,-6.05
2012-03-08,47.94186,-71.382225,23.4,6.5,2.8,4.65
2012-03-09,47.94186,-71.382225,1.1,-5.1,-12.3,-8.7
2012-03-10,47.94186,-71.382225,0.7,-6.3,-19.7,-13.0
2012-03-11,47.94186,-71.382225,0.1,3.3,-16.1,-6.4
2012-03-12,47.94186,-71.382225,0.7,8.0,-11.3,-1.6500000000000004
2012-03-13,47.94186,-71.382225,3.0,-0.2,-2.6,-1.4000000000000001
2012-03-14,47.94186,-71.382225,0.1,0.3,-4.1,-1.9
2012-03-15,47.94186,-71.382225,3.6,8.2,-9.6,-0.7000000000000002
2012-03-16,47.94186,-71.382225,3.7,4.0,-1.5,1.25
2012-03-17,47.94186,-71.382225,5.2,11.7,-5.7,2.9999999999999996
2012-03-18,47.94186,-71.382225,2.7,10.6,1.2,5.8999999999999995
2012-03-19,47.94186,-71.382225,0.2,11.3,0.5,5.9
2012-03-20,47.94186,-71.382225,0.2,19.8,-0.3,9.75
2012-03-21,47.94186,-71.382225,0.2,21.4,-0.2,10.6
2012-03-22,47.94186,-71.382225,2.4,13.7,1.7,7.699999999999999
2012-03-23,47.94186,-71.382225,0.0,5.1,-1.9,1.5999999999999999
2012-03-24,47.94186,-71.382225,0.7,3.3,-9.1,-2.9
2012-03-25,47.94186,-71.382225,3.7,3.0,-6.2,-1.6
2012-03-26,47.94186,-71.382225,1.0,-8.7,-12.4,-10.55
2012-03-27,47.94186,-71.382225,1.5,-1.9,-18.2,-10.049999999999999
2012-03-28,47.94186,-71.382225,5.1,-3.4,-9.2,-6.3
2012-03-29,47.94186,-71.382225,3.6,-1.0,-6.5,-3.75
2012-03-30,47.94186,-71.382225,0.2,-1.1,-10.3,-5.7
2012-03-31,47.94186,-71.382225,0.0,3.5,-18.5,-7.5
2012-04-01,47.94186,-71.382225,0.1,6.8,-14.6,-3.9
2012-04-02,47.94186,-71.382225,0.0,1.7,-14.9,-6.6000000000000005
2012-04-03,47.94186,-71.382225,2.6,3.4,-9.0,-2.8
2012-04-04,47.94186,-71.382225,5.0,0.6,-4.1,-1.7499999999999998
2012-04-05,47.94186,-71.382225,1.1,1.5,-4.2,-1.35
2012-04-06,47.94186,-71.382225,1.4,1.5,-7.7,-3.1
2012-04-07,47.94186,-71.382225,0.0,1.4,-4.8,-1.7
2012-04-08,47.94186,-71.382225,1.5,4.9,-1.9,1.5000000000000002
2012-04-09,47.94186,-71.382225,4.5,3.5,-2.2,0.6499999999999999
2012-04-10,47.94186,-71.382225,1.8,4.3,-6.6,-1.15
2012-04-11,47.94186,-71.382225,0.2,9.2,-6.7,1.2499999999999996
2012-04-12,47.94186,-71.382225,0.0,8.3,-1.6,3.3500000000000005
2012-04-13,47.94186,-71.382225,0.0,10.6,-7.8,1.4
2012-04-14,47.94186,-71.382225,0.2,11.5,-4.4,3.55
2012-04-15,47.94186,-71.382225,0.7,14.0,0.5,7.25
2012-04-16,47.94186,-71.382225,0.5,19.2,2.1,10.65
2012-04-17,47.94186,-71.382225,0.3,12.1,-0.4,5.85
2012-04-18,47.94186,-71.382225,0.0,6.8,-4.3,1.25
2012-04-19,47.94186,-71.382225,0.2,11.2,-2.7,4.25
2012-04-20,47.94186,-71.382225,31.8,6.4,-1.5,2.45
2012-04-21,47.94186,-71.382225,6.0,1.2,-1.4,-0.09999999999999998
2012-04-22,47.94186,-71.382225,7.6,1.2,-3.2,-1.0
2012-04-23,47.94186,-71.382225,20.0,7.4,-2.2,2.6
2012-04-24,47.94186,-71.382225,1.9,9.8,0.3,5.050000000000001
2012-04-25,47.94186,-71.382225,2.7,7.3,-0.3,3.5
2012-04-26,47.94186,-71.382225,7.4,8.7,-2.0,3.3499999999999996
2012-04-27,47.94186,-71.382225,10.0,-1.5,-5.3,-3.4
2012-04-28,47.94186,-71.382225,0.4,0.5,-8.4,-3.95
2012-04-29,47.94186,-71.382225,0.0,2.3,-12.1,-4.9
2012-04-30,47.94186,-71.382225,0.0,9.4,-3.6,2.9000000000000004
2012-05-01,47.94186,-71.382225,0.0,12.2,-2.5,4.85
2012-05-02,47.94186,-71.382225,0.0,16.8,0.9,8.85
2012-05-03,47.94186,-71.382225,0.0,16.9,3.3,10.1
2012-05-04,47.94186,-71.382225,4.6,16.7,3.7,10.2
2012-05-05,47.94186,-71.382225,0.0,6.1,-2.9,1.5999999999999999
2012-05-06,47.94186,-71.382225,0.0,11.7,-4.6,3.55
2012-05-07,47.94186,-71.382225,0.2,16.6,-4.0,6.300000000000001
2012-05-08,47.94186,-71.382225,8.8,11.4,-0.4,5.5
2012-05-09,47.94186,-71.382225,8.1,13.8,5.2,9.5
2012-05-10,47.94186,-71.382225,16.0,8.7,4.4,6.55
2012-05-11,47.94186,-71.382225,1.5,6.9,0.0,3.45
2012-05-12,47.94186,-71.382225,0.2,13.1,-2.8,5.15
2012-05-13,47.94186,-71.382225,0.0,17.2,4.6,10.899999999999999
2012-05-14,47.94186,-71.382225,0.0,20.5,1.0,10.75
2012-05-15,47.94186,-71.382225,0.0,21.7,1.9,11.799999999999999
2012-05-16,47.94186,-71.382225,9.5,20.6,10.8,15.700000000000001
2012-05-17,47.94186,-71.382225,0.4,8.2,0.5,4.35
2012-05-18,47.94186,-71.382225,0.0,16.8,-1.6,7.6000000000000005
2012-05-19,47.94186,-71.382225,0.0,21.1,6.3,13.700000000000001
2012-05-20,47.94186,-71.382225,0.0,29.9,6.3,18.099999999999998
2012-05-21,47.94186,-71.382225,2.3,28.7,8.2,18.45
2012-05-22,47.94186,-71.382225,1.8,15.1,9.5,12.3
2012-05-23,47.94186,-71.382225,0.0,21.0,3.5,12.25
2012-05-24,47.94186,-71.382225,0.0,26.2,3.3,14.75
2012-05-25,47.94186,-71.382225,5.3,24.3,16.8,20.55
2012-05-26,47.94186,-71.382225,0.0,17.2,7.4,12.3
2012-05-27,47.94186,-71.382225,0.0,16.6,-2.1,7.250000000000001
2012-05-28,47.94186,-71.382225,12.4,14.6,0.9,7.75
2012-05-29,47.94186,-71.382225,13.1,20.0,4.6,12.3
2012-05-30,47.94186,-71.382225,8.6,17.9,10.2,14.049999999999999
2012-05-31,47.94186,-71.382225,1.1,11.3,5.0,8.15
2012-06-01,47.94186,-71.382225,0.0,19.7,-1.6,9.049999999999999
2012-06-02,47.94186,-71.382225,8.1,15.7,4.3,10.0
2012-06-03,47.94186,-71.382225,0.8,13.4,8.6,11.0
2012-06-04,47.94186,-71.382225,0.0,15.6,2.7,9.15
2012-06-05,47.94186,-71.382225,0.4,20.9,-0.5,10.2
2012-06-06,47.94186,-71.382225,0.0,17.3,3.7,10.5
2012-06-07,47.94186,-71.382225,1.2,20.9,4.2,12.549999999999999
2012-06-08,47.94186,-71.382225,4.4,19.2,4.9,12.05
2012-06-09,47.94186,-71.382225,0.0,19.5,2.9,11.2
2012-06-10,47.94186,-71.382225,5.7,24.4,1.7,13.049999999999999
2012-06-11,47.94186,-71.382225,0.0,26.5,10.3,18.4
2012-06-12,47.94186,-71.382225,23.9,27.1,13.9,20.5
2012-06-13,47.94186,-71.382225,0.0,13.8,8.8,11.3
2012-06-14,47.94186,-71.382225,0.0,17.8,-0.1,8.85
2012-06-15,47.94186,-71.382225,0.0,24.5,1.2,12.85
2012-06-16,47.94186,-71.382225,0.0,26.1,4.0,15.05
2012-06-17,47.94186,-71.382225,0.0,26.7,8.7,17.7
2012-06-18,47.94186,-71.382225,0.0,26.4,9.9,18.15
2012-06-19,47.94186,-71.382225,1.9,21.2,11.6,16.4
2012-06-20,47.94186,-71.382225,0.4,24.1,15.8,19.950000000000003
2012-06-21,47.94186,-71.382225,0.3,28.9,12.6,20.75
2012-06-22,47.94186,-71.382225,0.8,24.3,16.6,20.450000000000003
2012-06-23,47.94186,-71.382225,0.0,22.2,11.8,17.0
2012-06-24,47.94186,-71.382225,3.6,24.9,4.9,14.899999999999999
2012-06-25,47.94186,-71.382225,7.3,16.4,10.4,13.399999999999999
2012-06-26,47.94186,-71.382225,10.2,14.8,11.5,13.15
2012-06-27,47.94186,-71.382225,5.1,19.9,11.0,15.45
2012-06-28,47.94186,-71.382225,1.0,21.6,10.3,15.950000000000001
2012-06-29,47.94186,-71.382225,10.6,25.3,10.8,18.05
2012-06-30,47.94186,-71.382225,8.8,21.8,11.3,16.55
2012-07-01,47.94186,-71.382225,1.4,20.0,12.1,16.05
2012-07-02,47.94186,-71.382225,4.2,19.5,11.1,15.3
2012-07-03,47.94186,-71.382225,2.3,20.2,10.1,15.149999999999999
2012-07-04,47.94186,-71.382225,7.6,22.4,12.0,17.2
2012-07-05,47.94186,-71.382225,0.0,20.9,13.6,17.25
2012-07-06,47.94186,-71.382225,8.6,24.9,10.0,17.45
2012-07-07,47.94186,-71.382225,1.4,21.9,12.6,17.25
2012-07-08,47.94186,-71.382225,0.0,17.1,9.0,13.05
2012-07-09,47.94186,-71.382225,0.0,20.2,7.5,13.85
2012-07-10,47.94186,-71.382225,0.0,19.9,5.8,12.85
2012-07-11,47.94186,-71.382225,0.0,22.2,4.1,13.149999999999999
2012-07-12,47.94186,-71.382225,6.5,26.4,12.5,19.45
2012-07-13,47.94186,-71.382225,13.8,26.2,14.2,20.2
2012-07-14,47.94186,-71.382225,0.0,30.3,14.7,22.5
2012-07-15,47.94186,-71.382225,3.1,28.7,13.7,21.2
2012-07-16,47.94186,-71.382225,0.0,23.1,15.8,19.450000000000003
2012-07-17,47.94186,-71.382225,2.5,19.1,12.5,15.8
2012-07-18,47.94186,-71.382225,7.0,18.4,10.9,14.649999999999999
2012-07-19,47.94186,-71.382225,0.0,16.6,4.9,10.75
2012-07-20,47.94186,-71.382225,0.0,22.3,4.5,13.4
2012-07-21,47.94186,-71.382225,0.0,24.6,5.2,14.9
2012-07-22,47.94186,-71.382225,0.0,24.6,12.5,18.55
2012-07-23,47.94186,-71.382225,16.4,27.2,9.0,18.1
2012-07-24,47.94186,-71.382225,4.9,17.1,12.0,14.55
2012-07-25,47.94186,-71.382225,0.0,21.1,9.7,15.4
2012-07-26,47.94186,-71.382225,0.0,21.4,8.9,15.149999999999999
2012-07-27,47.94186,-71.382225,0.0,20.4,10.3,15.35
2012-07-28,47.94186,-71.382225,0.0,23.8,3.9,13.85
2012-07-29,47.94186,-71.382225,0.0,26.1,5.1,15.600000000000001
2012-07-30,47.94186,-71.382225,0.0,27.6,8.5,18.05
2012-07-31,47.94186,-71.382225,0.0,27.5,10.2,18.85
2012-08-01,47.94186,-71.382225,0.7,24.8,14.8,19.8
2012-08-02,47.94186,-71.382225,0.0,26.6,15.9,21.25
2012-08-03,47.94186,-71.382225,0.0,19.4,15.0,17.2
2012-08-04,47.94186,-71.382225,0.0,25.9,5.0,15.45
2012-08-05,47.94186,-71.382225,20.3,27.0,16.9,21.95
2012-08-06,47.94186,-71.382225,0.0,19.3,12.9,16.1
2012-08-07,47.94186,-71.382225,6.9,22.8,8.1,15.45
2012-08-08,47.94186,-71.382225,0.2,22.9,12.3,17.6
2012-08-09,47.94186,-71.382225,2.9,21.5,8.6,15.05
2012-08-10,47.94186,-71.382225,20.8,14.7,9.6,12.149999999999999
2012-08-11,47.94186,-71.382225,6.4,19.4,11.6,15.5
2012-08-12,47.94186,-71.382225,1.9,22.5,15.4,18.95
2012-08-13,47.94186,-71.382225,0.7,22.9,12.0,17.45
2012-08-14,47.94186,-71.382225,0.2,23.9,13.9,18.9
2012-08-15,47.94186,-71.382225,4.3,21.0,13.4,17.2
2012-08-16,47.94186,-71.382225,0.0,22.7,12.7,17.7
2012-08-17,47.94186,-71.382225,1.1,23.0,12.5,17.75
2012-08-18,47.94186,-71.382225,0.0,16.3,8.0,12.15
2012-08-19,47.94186,-71.382225,1.2,20.7,3.8,12.25
2012-08-20,47.94186,-71.382225,4.9,20.2,6.6,13.399999999999999
2012-08-21,47.94186,-71.382225,1.1,15.5,6.9,11.2
2012-08-22,47.94186,-71.382225,4.1,20.8,5.6,13.2
2012-08-23,47.94186,-71.382225,0.0,21.3,12.8,17.05
2012-08-24,47.94186,-71.382225,1.0,22.3,5.6,13.95
2012-08-25,47.94186,-71.382225,0.0,24.8,9.3,17.05
2012-08-26,47.94186,-71.382225,0.0,27.7,12.7,20.2
2012-08-27,47.94186,-71.382225,9.3,20.4,13.1,16.75
2012-08-28,47.94186,-71.382225,0.2,15.9,9.8,12.850000000000001
2012-08-29,47.94186,-71.382225,1.8,15.9,5.1,10.5
2012-08-30,47.94186,-71.382225,10.1,21.1,10.2,15.65
2012-08-31,47.94186,-71.382225,1.4,23.2,13.3,18.25
2012-09-01,47.94186,-71.382225,0.0,17.7,2.5,10.1
2012-09-02,47.94186,-71.382225,0.0,20.2,2.2,11.2
2012-09-03,47.94186,-71.382225,0.2,20.8,5.3,13.05
2012-09-04,47.94186,-71.382225,0.0,22.7,9.8,16.25
2012-09-05,47.94186,-71.382225,0.0,24.9,10.5,17.7
2012-09-06,47.94186,-71.382225,1.0,21.6,11.9,16.75
2012-09-07,47.94186,-71.382225,8.6,20.8,8.6,14.7
2012-09-08,47.94186,-71.382225,6.6,20.5,10.8,15.65
2012-09-09,47.94186,-71.382225,1.9,11.7,8.4,10.05
2012-09-10,47.94186,-71.382225,0.2,12.3,6.0,9.15
2012-09-11,47.94186,-71.382225,0.0,16.7,-1.0,7.85
2012-09-12,47.94186,-71.382225,0.0,23.1,5.6,14.350000000000001
2012-09-13,47.94186,-71.382225,0.0,24.5,10.0,17.25
2012-09-14,47.94186,-71.382225,15.1,20.7,9.6,15.149999999999999
2012-09-15,47.94186,-71.382225,13.9,9.3,4.4,6.8500000000000005
2012-09-16,47.94186,-71.382225,0.2,13.4,2.6,8.0
2012-09-17,47.94186,-71.382225,0.0,19.3,-0.1,9.6
2012-09-18,47.94186,-71.382225,8.6,18.7,8.6,13.649999999999999
2012-09-19,47.94186,-71.382225,1.1,8.3,3.1,5.7
2012-09-20,47.94186,-71.382225,0.0,13.3,-1.5,5.9
2012-09-21,47.94186,-71.382225,1.5,18.2,3.2,10.7
2012-09-22,47.94186,-71.382225,2.8,20.0,10.1,15.05
2012-09-23,47.94186,-71.382225,1.6,10.0,5.3,7.65
2012-09-24,47.94186,-71.382225,0.7,9.8,2.9,6.3500000000000005
2012-09-25,47.94186,-71.382225,5.1,10.6,4.3,7.449999999999999
2012-09-26,47.94186,-71.382225,4.1,13.9,2.8,8.35
2012-09-27,47.94186,-71.382225,0.2,8.1,1.8,4.95
2012-09-28,47.94186,-71.382225,0.2,14.2,-2.2,6.0
2012-09-29,47.94186,-71.382225,1.1,12.3,-0.9,5.7
2012-09-30,47.94186,-71.382225,5.1,11.4,5.2,8.3
2012-10-01,47.94186,-71.382225,0.8,14.4,6.1,10.25
2012-10-02,47.94186,-71.382225,0.0,17.0,2.3,9.65
2012-10-03,47.94186,-71.382225,0.3,18.2,4.2,11.2
2012-10-04,47.94186,-71.382225,2.8,12.7,4.4,8.55
2012-10-05,47.94186,-71.382225,2.7,14.4,11.1,12.75
2012-10-06,47.94186,-71.382225,10.0,8.5,4.3,6.4
2012-10-07,47.94186,-71.382225,1.0,4.2,0.1,2.15
2012-10-08,47.94186,-71.382225,0.0,5.8,-1.5,2.15
2012-10-09,47.94186,-71.382225,0.0,9.9,-2.8,3.5500000000000003
2012-10-10,47.94186,-71.382225,9.8,9.7,0.8,5.25
2012-10-11,47.94186,-71.382225,11.3,1.7,-1.8,-0.050000000000000044
2012-10-12,47.94186,-71.382225,0.8,0.7,-2.5,-0.9
2012-10-13,47.94186,-71.382225,0.0,1.5,-4.3,-1.4
2012-10-14,47.94186,-71.382225,23.6,6.5,-2.8,1.85
2012-10-15,47.94186,-71.382225,4.3,13.4,0.6,7.0
2012-10-16,47.94186,-71.382225,1.7,2.3,-0.3,0.9999999999999999
2012-10-17,47.94186,-71.382225,0.0,6.0,-1.7,2.15
2012-10-18,47.94186,-71.382225,0.6,15.8,-1.6,7.1000000000000005
2012-10-19,47.94186,-71.382225,9.5,13.4,-1.3,6.05
2012-10-20,47.94186,-71.382225,0.6,17.1,7.8,12.450000000000001
2012-10-21,47.94186,-71.382225,16.8,6.6,3.1,4.85
2012-10-22,47.94186,-71.382225,3.3,7.6,1.9,4.75
2012-10-23,47.94186,-71.382225,0.8,3.0,-1.7,0.65
2012-10-24,47.94186,-71.382225,0.0,4.1,-3.4,0.34999999999999987
2012-10-25,47.94186,-71.382225,0.4,13.7,-5.2,4.25
2012-10-26,47.94186,-71.382225,0.4,21.4,3.6,12.5
2012-10-27,47.94186,-71.382225,0.3,13.0,6.1,9.55
2012-10-28,47.94186,-71.382225,0.0,11.6,6.1,8.85
2012-10-29,47.94186,-71.382225,2.0,12.8,3.0,7.9
2012-10-30,47.94186,-71.382225,3.6,15.3,8.7,12.0
2012-10-31,47.94186,-71.382225,13.8,13.9,9.7,11.8
2012-11-01,47.94186,-71.382225,3.8,6.8,3.0,4.9
2012-11-02,47.94186,-71.382225,8.4,6.5,2.5,4.5
2012-11-03,47.94186,-71.382225,5.3,3.9,1.3,2.6
2012-11-04,47.94186,-71.382225,0.6,-1.9,-3.8,-2.8499999999999996
2012-11-05,47.94186,-71.382225,0.7,-4.5,-6.9,-5.7
2012-11-06,47.94186,-71.382225,0.0,-5.1,-10.4,-7.75
2012-11-07,47.94186,-71.382225,0.9,-3.1,-10.5,-6.8
2012-11-08,47.94186,-71.382225,0.0,-1.2,-12.7,-6.949999999999999
2012-11-09,47.94186,-71.382225,1.0,0.5,-4.0,-1.75
2012-11-10,47.94186,-71.382225,0.0,-2.9,-9.2,-6.05
2012-11-11,47.94186,-71.382225,0.4,5.5,-12.8,-3.6500000000000004
2012-11-12,47.94186,-71.382225,4.8,13.3,-1.2,6.050000000000001
2012-11-13,47.94186,-71.382225,1.1,3.2,-2.4,0.40000000000000013
2012-11-14,47.94186,-71.382225,0.0,-2.7,-6.0,-4.35
2012-11-15,47.94186,-71.382225,0.0,-0.1,-7.7,-3.9
2012-11-16,47.94186,-71.382225,0.3,-2.1,-9.8,-5.95
2012-11-17,47.94186,-71.382225,0.0,-2.0,-11.5,-6.75
2012-11-18,47.94186,-71.382225,0.0,4.6,-11.7,-3.55
2012-11-19,47.94186,-71.382225,0.0,4.4,-9.5,-2.55
2012-11-20,47.94186,-71.382225,0.0,5.9,-9.5,-1.7999999999999998
2012-11-21,47.94186,-71.382225,0.0,7.9,-2.5,2.7
2012-11-22,47.94186,-71.382225,0.0,8.4,-2.7,2.85
2012-11-23,47.94186,-71.382225,4.2,10.2,1.9,6.05
2012-11-24,47.94186,-71.382225,1.9,1.3,-4.0,-1.35
2012-11-25,47.94186,-71.382225,0.0,-6.9,-8.3,-7.6000000000000005
2012-11-26,47.94186,-71.382225,0.0,-7.4,-15.3,-11.350000000000001
2012-11-27,47.94186,-71.382225,0.0,-7.3,-17.6,-12.450000000000001
2012-11-28,47.94186,-71.382225,2.0,-3.2,-17.3,-10.25
2012-11-29,47.94186,-71.382225,0.2,-12.2,-15.0,-13.6
2012-11-30,47.94186,-71.382225,0.0,-13.4,-19.0,-16.2
2012-12-01,47.94186,-71.382225,0.0,-0.2,-17.8,-9.0
2012-12-02,47.94186,-71.382225,12.8,2.7,-11.7,-4.5
2012-12-03,47.94186,-71.382225,0.0,-1.4,-2.2,-1.8
2012-12-04,47.94186,-71.382225,26.0,6.8,-3.9,1.45
2012-12-05,47.94186,-71.382225,5.4,0.8,-6.2,-2.7
2012-12-06,47.94186,-71.382225,0.0,-5.1,-12.6,-8.85
2012-12-07,47.94186,-71.382225,0.0,0.0,-10.3,-5.15
2012-12-08,47.94186,-71.382225,8.4,-0.1,-2.8,-1.45
2012-12-09,47.94186,-71.382225,2.3,-8.4,-14.6,-11.5
2012-12-10,47.94186,-71.382225,11.7,-0.3,-15.6,-7.95
2012-12-11,47.94186,-71.382225,0.0,-11.3,-13.7,-12.5
2012-12-12,47.94186,-71.382225,0.2,-6.1,-23.3,-14.7
2012-12-13,47.94186,-71.382225,3.8,-1.5,-13.8,-7.65
2012-12-14,47.94186,-71.382225,3.0,-1.6,-10.0,-5.8
2012-12-15,47.94186,-71.382225,0.0,-14.4,-23.1,-18.75
2012-12-16,47.94186,-71.382225,0.6,-7.4,-27.8,-17.6
2012-12-17,47.94186,-71.382225,0.7,-1.6,-16.0,-8.8
2012-12-18,47.94186,-71.382225,0.6,0.2,-6.3,-3.05
2012-12-19,47.94186,-71.382225,3.0,-0.6,-2.8,-1.7
2012-12-20,47.94186,-71.382225,0.2,-1.0,-3.9,-2.45
2012-12-21,47.94186,-71.382225,7.3,0.1,-4.1,-1.9999999999999998
2012-12-22,47.94186,-71.382225,1.4,1.6,-3.6,-1.0
2012-12-23,47.94186,-71.382225,0.0,-12.4,-16.1,-14.25
2012-12-24,47.94186,-71.382225,0.0,-14.0,-18.1,-16.05
2012-12-25,47.94186,-71.382225,0.0,-13.0,-17.1,-15.05
2012-12-26,47.94186,-71.382225,0.0,-13.2,-18.7,-15.95
2012-12-27,47.94186,-71.382225,3.3,-8.0,-22.7,-15.35
2012-12-28,47.94186,-71.382225,0.0,-9.0,-11.1,-10.05
2012-12-29,47.94186,-71.382225,0.2,-11.3,-15.7,-13.5
2012-12-30,47.94186,-71.382225,0.0,-16.0,-19.4,-17.7
2012-12-31,47.94186,-71.382225,5.6,-7.7,-23.0,-15.35
2013-01-01,47.94186,-71.382225,0.0,-17.7,-20.6,-19.15
2013-01-02,47.94186,-71.382225,0.0,-20.8,-27.6,-24.200000000000003
2013-01-03,47.94186,-71.382225,1.5,-14.4,-26.0,-20.2
2013-01-04,47.94186,-71.382225,8.4,-8.1,-23.6,-15.850000000000001
2013-01-05,47.94186,-71.382225,0.0,-16.7,-23.0,-19.85
2013-01-06,47.94186,-71.382225,0.4,-11.6,-27.8,-19.7
2013-01-07,47.94186,-71.382225,1.0,-4.6,-34.1,-19.35
2013-01-08,47.94186,-71.382225,0.2,-2.1,-20.1,-11.100000000000001
2013-01-09,47.94186,-71.382225,8.0,-1.3,-6.2,-3.75
2013-01-10,47.94186,-71.382225,0.8,-4.6,-7.4,-6.0
2013-01-11,47.94186,-71.382225,0.6,1.2,-15.9,-7.3500000000000005
2013-01-12,47.94186,-71.382225,0.2,5.4,-2.0,1.7000000000000002
2013-01-13,47.94186,-71.382225,9.1,6.5,-1.1,2.7
2013-01-14,47.94186,-71.382225,0.6,4.8,-7.1,-1.15
2013-01-15,47.94186,-71.382225,0.6,-8.2,-15.5,-11.85
2013-01-16,47.94186,-71.382225,3.4,-3.7,-18.9,-11.299999999999999
2013-01-17,47.94186,-71.382225,0.0,-22.2,-28.9,-25.549999999999997
2013-01-18,47.94186,-71.382225,1.7,-13.1,-35.2,-24.150000000000002
2013-01-19,47.94186,-71.382225,6.5,-7.8,-23.1,-15.450000000000001
2013-01-20,47.94186,-71.382225,3.8,-1.0,-18.1,-9.55
2013-01-21,47.94186,-71.382225,0.0,-21.1,-28.0,-24.55
2013-01-22,47.94186,-71.382225,0.0,-21.8,-36.9,-29.35
2013-01-23,47.94186,-71.382225,0.0,-26.8,-35.0,-30.9
2013-01-24,47.94186,-71.382225,0.5,-23.0,-29.7,-26.35
2013-01-25,47.94186,-71.382225,0.0,-17.5,-24.3,-20.9
2013-01-26,47.94186,-71.382225,0.0,-15.9,-24.9,-20.4
2013-01-27,47.94186,-71.382225,0.0,-15.2,-22.2,-18.7
2013-01-28,47.94186,-71.382225,0.4,-6.3,-27.9,-17.099999999999998
2013-01-29,47.94186,-71.382225,3.7,2.8,-15.6,-6.4
2013-01-30,47.94186,-71.382225,21.6,9.0,-5.2,1.9
2013-01-31,47.94186,-71.382225,9.5,8.0,-11.5,-1.75
2013-02-01,47.94186,-71.382225,0.0,-18.3,-21.1,-19.700000000000003
2013-02-02,47.94186,-71.382225,0.0,-19.3,-30.2,-24.75
2013-02-03,47.94186,-71.382225,0.4,-9.6,-28.5,-19.05
2013-02-04,47.94186,-71.382225,2.2,-10.6,-19.4,-15.0
2013-02-05,47.94186,-71.382225,0.4,-13.9,-29.5,-21.7
2013-02-06,47.94186,-71.382225,1.9,-11.4,-22.6,-17.0
2013-02-07,47.94186,-71.382225,0.0,-21.9,-32.6,-27.25
2013-02-08,47.94186,-71.382225,0.0,-11.8,-32.8,-22.299999999999997
2013-02-09,47.94186,-71.382225,0.0,-13.2,-20.5,-16.85
2013-02-10,47.94186,-71.382225,0.0,-3.6,-28.3,-15.950000000000001
2013-02-11,47.94186,-71.382225,3.2,-1.4,-18.4,-9.899999999999999
2013-02-12,47.94186,-71.382225,0.9,-1.9,-4.4,-3.1500000000000004
2013-02-13,47.94186,-71.382225,0.0,-5.2,-9.3,-7.25
2013-02-14,47.94186,-71.382225,0.0,-1.7,-14.1,-7.8999999999999995
2013-02-15,47.94186,-71.382225,0.9,-1.0,-14.6,-7.8
2013-02-16,47.94186,-71.382225,0.0,-6.2,-12.4,-9.3
2013-02-17,47.94186,-71.382225,0.6,-14.6,-19.4,-17.0
2013-02-18,47.94186,-71.382225,0.0,-7.8,-21.0,-14.4
2013-02-19,47.94186,-71.382225,2.8,4.2,-23.5,-9.65
2013-02-20,47.94186,-71.382225,8.3,-2.5,-5.8,-4.15
2013-02-21,47.94186,-71.382225,2.6,-1.1,-4.9,-3.0
2013-02-22,47.94186,-71.382225,0.0,1.3,-9.2,-3.9499999999999997
2013-02-23,47.94186,-71.382225,4.6,-1.3,-14.2,-7.75
2013-02-24,47.94186,-71.382225,1.0,1.2,-5.8,-2.3
2013-02-25,47.94186,-71.382225,0.0,0.6,-6.4,-2.9000000000000004
2013-02-26,47.94186,-71.382225,0.0,0.0,-4.9,-2.45
2013-02-27,47.94186,-71.382225,1.6,3.0,-4.9,-0.9500000000000002
2013-02-28,47.94186,-71.382225,2.4,-1.8,-4.0,-2.9
2013-03-01,47.94186,-71.382225,0.6,-2.3,-5.1,-3.6999999999999997
2013-03-02,47.94186,-71.382225,1.9,-1.4,-7.2,-4.3
2013-03-03,47.94186,-71.382225,4.0,1.1,-3.4,-1.15
2013-03-04,47.94186,-71.382225,0.7,2.0,-2.1,-0.050000000000000044
2013-03-05,47.94186,-71.382225,,2.8,-2.0,0.3999999999999999
2013-03-06,47.94186,-71.382225,0.0,-0.1,-4.1,-2.0999999999999996
2013-03-07,47.94186,-71.382225,0.0,-1.5,-5.8,-3.65
2013-03-08,47.94186,-71.382225,0.0,4.2,-15.0,-5.4
2013-03-09,47.94186,-71.382225,0.0,9.6,-12.2,-1.2999999999999998
2013-03-10,47.94186,-71.382225,1.2,7.9,-8.3,-0.20000000000000018
2013-03-11,47.94186,-71.382225,1.8,8.8,0.1,4.45
2013-03-12,47.94186,-71.382225,5.3,9.1,1.4,5.25
2013-03-13,47.94186,-71.382225,6.5,3.3,-0.4,1.45
2013-03-14,47.94186,-71.382225,1.2,-4.9,-10.2,-7.55
2013-03-15,47.94186,-71.382225,0.4,-6.1,-15.0,-10.55
2013-03-16,47.94186,-71.382225,0.4,-9.5,-16.5,-13.0
2013-03-17,47.94186,-71.382225,0.7,-13.4,-23.1,-18.25
2013-03-18,47.94186,-71.382225,0.7,-6.1,-27.9,-17.0
2013-03-19,47.94186,-71.382225,3.3,-7.0,-18.4,-12.7
2013-03-20,47.94186,-71.382225,3.8,-5.7,-10.9,-8.3
2013-03-21,47.94186,-71.382225,0.8,-2.5,-9.6,-6.05
2013-03-22,47.94186,-71.382225,8.4,-0.3,-18.4,-9.35
2013-03-23,47.94186,-71.382225,7.7,-0.6,-6.0,-3.3
2013-03-24,47.94186,-71.382225,1.7,2.7,-3.7,-0.5
2013-03-25,47.94186,-71.382225,0.5,3.8,-8.6,-2.4
2013-03-26,47.94186,-71.382225,1.9,2.1,-12.3,-5.1000000000000005
2013-03-27,47.94186,-71.382225,0.0,4.7,-2.7,1.0
2013-03-28,47.94186,-71.382225,2.0,8.8,-3.8,2.5000000000000004
2013-03-29,47.94186,-71.382225,0.0,6.1,-4.5,0.7999999999999998
2013-03-30,47.94186,-71.382225,0.0,5.9,-12.4,-3.25
2013-03-31,47.94186,-71.382225,0.0,7.4,-8.2,-0.39999999999999947
2013-04-01,47.94186,-71.382225,2.9,5.0,-0.3,2.35
2013-04-02,47.94186,-71.382225,1.6,-10.8,-13.9,-12.350000000000001
2013-04-03,47.94186,-71.382225,2.9,-6.0,-15.1,-10.55
2013-04-04,47.94186,-71.382225,3.0,2.4,-18.5,-8.05
2013-04-05,47.94186,-71.382225,3.3,0.0,-7.3,-3.65
2013-04-06,47.94186,-71.382225,0.4,-3.9,-15.3,-9.6
2013-04-07,47.94186,-71.382225,6.5,1.6,-16.6,-7.500000000000001
2013-04-08,47.94186,-71.382225,0.0,-0.2,-3.8,-2.0
2013-04-09,47.94186,-71.382225,3.8,7.1,-7.3,-0.10000000000000009
2013-04-10,47.94186,-71.382225,0.7,2.7,-2.8,-0.04999999999999982
2013-04-11,47.94186,-71.382225,0.7,-2.3,-11.9,-7.1
2013-04-12,47.94186,-71.382225,3.4,3.3,-18.0,-7.35
2013-04-13,47.94186,-71.382225,2.2,2.4,-3.2,-0.40000000000000013
2013-04-14,47.94186,-71.382225,1.4,4.8,-1.2,1.7999999999999998
2013-04-15,47.94186,-71.382225,0.2,9.1,-2.3,3.4
2013-04-16,47.94186,-71.382225,11.7,7.5,2.3,4.9
2013-04-17,47.94186,-71.382225,0.0,4.3,-2.3,1.0
2013-04-18,47.94186,-71.382225,35.7,9.4,-9.3,0.04999999999999982
2013-04-19,47.94186,-71.382225,8.2,13.7,1.6,7.6499999999999995
2013-04-20,47.94186,-71.382225,0.8,4.0,-0.1,1.95
2013-04-21,47.94186,-71.382225,0.0,2.7,-9.9,-3.6
2013-04-22,47.94186,-71.382225,0.0,9.3,-10.4,-0.5499999999999998
2013-04-23,47.94186,-71.382225,0.0,12.3,-3.2,4.550000000000001
2013-04-24,47.94186,-71.382225,3.3,16.9,0.4,8.649999999999999
2013-04-25,47.94186,-71.382225,0.0,4.6,-0.7,1.9499999999999997
2013-04-26,47.94186,-71.382225,0.0,11.9,-5.7,3.1
2013-04-27,47.94186,-71.382225,0.0,12.6,-3.7,4.449999999999999
2013-04-28,47.94186,-71.382225,0.0,17.0,-3.2,6.9
2013-04-29,47.94186,-71.382225,0.7,18.8,-2.0,8.4
2013-04-30,47.94186,-71.382225,0.0,19.5,2.5,11.0
2013-05-01,47.94186,-71.382225,0.8,21.7,1.1,11.4
2013-05-02,47.94186,-71.382225,0.0,17.9,3.0,10.45
2013-05-03,47.94186,-71.382225,0.0,20.6,-1.1,9.75
2013-05-04,47.94186,-71.382225,0.0,23.5,-1.0,11.25
2013-05-05,47.94186,-71.382225,0.0,25.5,1.2,13.35
2013-05-06,47.94186,-71.382225,0.0,24.3,3.9,14.1
2013-05-07,47.94186,-71.382225,0.0,24.9,2.1,13.5
2013-05-08,47.94186,-71.382225,0.0,26.0,0.7,13.35
2013-05-09,47.94186,-71.382225,21.9,16.7,8.2,12.45
2013-05-10,47.94186,-71.382225,14.8,11.2,0.7,5.949999999999999
2013-05-11,47.94186,-71.382225,4.3,13.8,4.2,9.0
2013-05-12,47.94186,-71.382225,2.6,12.1,5.2,8.65
2013-05-13,47.94186,-71.382225,2.3,6.0,-0.8,2.6
2013-05-14,47.94186,-71.382225,0.2,8.3,-1.7,3.3000000000000003
2013-05-15,47.94186,-71.382225,2.3,14.1,-4.4,4.85
2013-05-16,47.94186,-71.382225,4.1,8.0,3.5,5.75
2013-05-17,47.94186,-71.382225,0.0,13.1,0.8,6.95
2013-05-18,47.94186,-71.382225,0.0,16.9,-1.9,7.499999999999999
2013-05-19,47.94186,-71.382225,7.6,18.9,3.0,10.95
2013-05-20,47.94186,-71.382225,0.0,14.8,7.7,11.25
2013-05-21,47.94186,-71.382225,0.2,16.5,2.8,9.65
2013-05-22,47.94186,-71.382225,23.5,11.4,5.0,8.2
2013-05-23,47.94186,-71.382225,7.7,11.5,9.0,10.25
2013-05-24,47.94186,-71.382225,0.7,8.6,1.9,5.25
2013-05-25,47.94186,-71.382225,19.8,8.3,0.6,4.45
2013-05-26,47.94186,-71.382225,5.0,4.5,0.1,2.3
2013-05-27,47.94186,-71.382225,0.4,13.4,-1.1,6.15
2013-05-28,47.94186,-71.382225,0.0,19.9,-2.1,8.899999999999999
2013-05-29,47.94186,-71.382225,9.2,20.1,0.8,10.450000000000001
2013-05-30,47.94186,-71.382225,1.7,20.3,10.8,15.55
2013-05-31,47.94186,-71.382225,80.1,23.6,12.9,18.25
2013-06-01,47.94186,-71.382225,47.7,21.0,14.5,17.75
2013-06-02,47.94186,-71.382225,5.3,19.7,13.8,16.75
2013-06-03,47.94186,-71.382225,1.9,14.8,10.8,12.8
2013-06-04,47.94186,-71.382225,0.3,10.3,1.3,5.800000000000001
2013-06-05,47.94186,-71.382225,0.0,15.0,1.5,8.25
2013-06-06,47.94186,-71.382225,0.0,18.3,-1.7,8.3
2013-06-07,47.94186,-71.382225,1.7,16.8,3.1,9.950000000000001
2013-06-08,47.94186,-71.382225,14.7,13.1,8.8,10.95
2013-06-09,47.94186,-71.382225,1.1,16.7,7.4,12.05
2013-06-10,47.94186,-71.382225,1.8,23.5,3.5,13.5
2013-06-11,47.94186,-71.382225,0.6,20.3,6.0,13.15
2013-06-12,47.94186,-71.382225,0.0,20.3,9.6,14.95
2013-06-13,47.94186,-71.382225,0.0,24.0,5.2,14.6
2013-06-14,47.94186,-71.382225,0.0,20.0,3.0,11.5
2013-06-15,47.94186,-71.382225,0.0,18.1,2.3,10.200000000000001
2013-06-16,47.94186,-71.382225,0.7,13.1,-1.8,5.6499999999999995
2013-06-17,47.94186,-71.382225,1.8,14.0,5.6,9.8
2013-06-18,47.94186,-71.382225,4.4,14.8,6.3,10.55
2013-06-19,47.94186,-71.382225,0.0,18.4,1.4,9.899999999999999
2013-06-20,47.94186,-71.382225,0.7,19.9,1.1,10.5
2013-06-21,47.94186,-71.382225,0.0,19.7,8.5,14.1
2013-06-22,47.94186,-71.382225,0.0,23.0,4.3,13.65
2013-06-23,47.94186,-71.382225,0.0,26.3,8.9,17.6
2013-06-24,47.94186,-71.382225,1.0,21.5,13.9,17.7
2013-06-25,47.94186,-71.382225,0.0,27.3,13.7,20.5
2013-06-26,47.94186,-71.382225,23.2,21.2,12.2,16.7
2013-06-27,47.94186,-71.382225,1.2,15.1,10.5,12.8
2013-06-28,47.94186,-71.382225,18.1,14.2,7.8,11.0
2013-06-29,47.94186,-71.382225,2.0,20.7,9.9,15.3
2013-06-30,47.94186,-71.382225,0.3,18.7,12.6,15.649999999999999
2013-07-01,47.94186,-71.382225,0.0,17.5,5.4,11.45
2013-07-02,47.94186,-71.382225,0.0,24.3,5.4,14.850000000000001
2013-07-03,47.94186,-71.382225,0.0,27.0,8.8,17.9
2013-07-04,47.94186,-71.382225,0.0,27.3,12.5,19.9
2013-07-05,47.94186,-71.382225,0.0,27.3,18.3,22.8
2013-07-06,47.94186,-71.382225,4.1,28.1,12.8,20.450000000000003
2013-07-07,47.94186,-71.382225,0.0,19.8,11.8,15.8
2013-07-08,47.94186,-71.382225,0.3,22.6,4.8,13.700000000000001
2013-07-09,47.94186,-71.382225,0.0,25.6,7.4,16.5
2013-07-10,47.94186,-71.382225,2.8,23.1,13.9,18.5
2013-07-11,47.94186,-71.382225,0.0,18.5,12.8,15.65
2013-07-12,47.94186,-71.382225,0.0,24.7,2.9,13.799999999999999
2013-07-13,47.94186,-71.382225,0.0,27.9,6.6,17.25
2013-07-14,47.94186,-71.382225,0.0,29.4,10.3,19.85
2013-07-15,47.94186,-71.382225,0.0,29.3,11.8,20.55
2013-07-16,47.94186,-71.382225,11.3,27.6,11.9,19.75
2013-07-17,47.94186,-71.382225,14.1,27.0,14.6,20.8
2013-07-18,47.94186,-71.382225,4.6,23.9,10.7,17.299999999999997
2013-07-19,47.94186,-71.382225,7.6,24.8,14.4,19.6
2013-07-20,47.94186,-71.382225,2.1,22.5,12.3,17.4
2013-07-21,47.94186,-71.382225,0.0,16.2,4.2,10.2
2013-07-22,47.94186,-71.382225,0.0,21.6,3.4,12.5
2013-07-23,47.94186,-71.382225,8.1,24.7,6.5,15.6
2013-07-24,47.94186,-71.382225,0.2,11.3,8.8,10.05
2013-07-25,47.94186,-71.382225,0.0,19.7,2.1,10.9
2013-07-26,47.94186,-71.382225,0.0,21.9,3.7,12.799999999999999
2013-07-27,47.94186,-71.382225,0.0,25.6,6.2,15.9
2013-07-28,47.94186,-71.382225,1.3,24.0,11.3,17.65
2013-07-29,47.94186,-71.382225,2.3,23.3,15.8,19.55
2013-07-30,47.94186,-71.382225,5.5,19.9,7.2,13.549999999999999
2013-07-31,47.94186,-71.382225,0.0,23.1,9.6,16.35
2013-08-01,47.94186,-71.382225,4.9,23.2,10.6,16.9
2013-08-02,47.94186,-71.382225,2.7,21.4,12.3,16.85
2013-08-03,47.94186,-71.382225,0.2,19.6,5.8,12.700000000000001
2013-08-04,47.94186,-71.382225,16.7,16.2,9.5,12.85
2013-08-05,47.94186,-71.382225,0.0,16.1,7.1,11.600000000000001
2013-08-06,47.94186,-71.382225,0.0,22.3,4.2,13.25
2013-08-07,47.94186,-71.382225,17.5,23.7,5.8,14.75
2013-08-08,47.94186,-71.382225,1.6,21.6,14.1,17.85
2013-08-09,47.94186,-71.382225,7.7,24.6,9.4,17.0
2013-08-10,47.94186,-71.382225,0.0,15.1,10.2,12.649999999999999
2013-08-11,47.94186,-71.382225,0.2,19.9,8.7,14.299999999999999
2013-08-12,47.94186,-71.382225,3.4,18.7,8.4,13.55
2013-08-13,47.94186,-71.382225,16.2,12.7,4.7,8.7
2013-08-14,47.94186,-71.382225,12.8,12.4,8.6,10.5
2013-08-15,47.94186,-71.382225,1.6,14.3,5.8,10.05
2013-08-16,47.94186,-71.382225,1.0,15.8,6.4,11.100000000000001
2013-08-17,47.94186,-71.382225,0.0,18.9,1.8,10.35
2013-08-18,47.94186,-71.382225,0.0,23.4,7.7,15.549999999999999
2013-08-19,47.94186,-71.382225,1.1,23.1,14.5,18.8
2013-08-20,47.94186,-71.382225,0.0,24.4,14.1,19.25
2013-08-21,47.94186,-71.382225,0.2,26.6,12.9,19.75
2013-08-22,47.94186,-71.382225,0.7,23.4,16.2,19.799999999999997
2013-08-23,47.94186,-71.382225,0.0,16.5,9.1,12.8
2013-08-24,47.94186,-71.382225,0.0,21.1,1.1,11.100000000000001
2013-08-25,47.94186,-71.382225,2.2,22.4,4.5,13.45
2013-08-26,47.94186,-71.382225,6.1,20.8,12.9,16.85
2013-08-27,47.94186,-71.382225,0.2,22.4,12.1,17.25
2013-08-28,47.94186,-71.382225,0.6,20.3,13.4,16.85
2013-08-29,47.94186,-71.382225,2.6,18.9,8.2,13.549999999999999
2013-08-30,47.94186,-71.382225,0.7,19.7,10.9,15.3
2013-08-31,47.94186,-71.382225,0.0,23.2,10.3,16.75
2013-09-01,47.94186,-71.382225,0.0,21.3,7.5,14.4
2013-09-02,47.94186,-71.382225,12.9,15.8,9.2,12.5
2013-09-03,47.94186,-71.382225,2.0,19.5,8.8,14.15
2013-09-04,47.94186,-71.382225,3.5,14.2,5.9,10.05
2013-09-05,47.94186,-71.382225,0.6,9.1,-0.9,4.1
2013-09-06,47.94186,-71.382225,0.9,17.0,-0.7,8.15
2013-09-07,47.94186,-71.382225,10.6,14.1,11.4,12.75
2013-09-08,47.94186,-71.382225,5.1,9.2,4.0,6.6
2013-09-09,47.94186,-71.382225,0.0,16.7,0.6,8.65
2013-09-10,47.94186,-71.382225,4.5,19.4,8.5,13.95
2013-09-11,47.94186,-71.382225,1.0,22.5,12.8,17.65
2013-09-12,47.94186,-71.382225,12.9,21.4,11.9,16.65
2013-09-13,47.94186,-71.382225,5.8,11.0,8.3,9.65
2013-09-14,47.94186,-71.382225,0.4,9.8,7.2,8.5
2013-09-15,47.94186,-71.382225,16.2,10.5,1.1,5.8
2013-09-16,47.94186,-71.382225,0.3,5.0,0.0,2.5
2013-09-17,47.94186,-71.382225,0.0,13.7,-0.6,6.55
2013-09-18,47.94186,-71.382225,0.0,17.3,0.8,9.05
2013-09-19,47.94186,-71.382225,1.2,16.9,1.8,9.35
2013-09-20,47.94186,-71.382225,0.0,19.9,11.4,15.649999999999999
2013-09-21,47.94186,-71.382225,9.6,19.5,12.6,16.05
2013-09-22,47.94186,-71.382225,3.4,8.8,3.9,6.3500000000000005
2013-09-23,47.94186,-71.382225,0.2,5.1,2.3,3.6999999999999997
2013-09-24,47.94186,-71.382225,1.0,6.2,2.3,4.25
2013-09-25,47.94186,-71.382225,0.0,9.9,4.5,7.2
2013-09-26,47.94186,-71.382225,0.0,12.5,6.5,9.5
2013-09-27,47.94186,-71.382225,0.0,19.0,6.5,12.75
2013-09-28,47.94186,-71.382225,0.0,21.3,1.9,11.6
2013-09-29,47.94186,-71.382225,0.0,20.4,3.3,11.85
2013-09-30,47.94186,-71.382225,0.0,21.5,2.1,11.8
2013-10-01,47.94186,-71.382225,0.0,19.8,4.0,11.9
2013-10-02,47.94186,-71.382225,0.2,19.1,9.1,14.100000000000001
2013-10-03,47.94186,-71.382225,0.0,13.4,5.5,9.45
2013-10-04,47.94186,-71.382225,0.0,11.5,1.3,6.4
2013-10-05,47.94186,-71.382225,0.0,9.5,-1.9,3.8
2013-10-06,47.94186,-71.382225,0.6,12.9,-3.9,4.5
2013-10-07,47.94186,-71.382225,27.0,18.4,6.0,12.2
2013-10-08,47.94186,-71.382225,0.8,6.4,1.8,4.1000000000000005
2013-10-09,47.94186,-71.382225,0.0,14.6,-0.8,6.8999999999999995
2013-10-10,47.94186,-71.382225,0.0,19.0,0.7,9.85
2013-10-11,47.94186,-71.382225,0.0,19.7,2.6,11.15
2013-10-12,47.94186,-71.382225,0.0,18.5,1.4,9.95
2013-10-13,47.94186,-71.382225,5.0,18.6,5.3,11.950000000000001
2013-10-14,47.94186,-71.382225,2.0,12.2,6.8,9.5
2013-10-15,47.94186,-71.382225,0.0,12.0,-0.4,5.8
2013-10-16,47.94186,-71.382225,5.2,12.0,2.1,7.05
2013-10-17,47.94186,-71.382225,4.9,11.4,9.0,10.2
2013-10-18,47.94186,-71.382225,1.6,9.6,7.1,8.35
2013-10-19,47.94186,-71.382225,2.3,8.5,3.1,5.8
2013-10-20,47.94186,-71.382225,7.0,6.2,1.9,4.05
2013-10-21,47.94186,-71.382225,6.7,7.0,0.3,3.65
2013-10-22,47.94186,-71.382225,5.7,7.9,0.6,4.25
2013-10-23,47.94186,-71.382225,0.0,2.4,-1.4,0.5
2013-10-24,47.94186,-71.382225,3.0,0.3,-3.1,-1.4000000000000001
2013-10-25,47.94186,-71.382225,2.9,1.1,-0.9,0.10000000000000003
2013-10-26,47.94186,-71.382225,3.4,1.3,-3.2,-0.9500000000000001
2013-10-27,47.94186,-71.382225,5.0,2.2,-0.6,0.8
2013-10-28,47.94186,-71.382225,8.3,-0.5,-3.6,-2.05
2013-10-29,47.94186,-71.382225,0.3,-4.3,-6.3,-5.3
2013-10-30,47.94186,-71.382225,0.0,-0.7,-7.0,-3.85
2013-10-31,47.94186,-71.382225,9.8,10.9,-6.4,2.25
2013-11-01,47.94186,-71.382225,10.4,13.1,3.7,8.4
2013-11-02,47.94186,-71.382225,0.0,-0.2,-3.5,-1.85
2013-11-03,47.94186,-71.382225,0.0,-2.3,-6.3,-4.3
2013-11-04,47.94186,-71.382225,0.0,-0.7,-11.4,-6.05
2013-11-05,47.94186,-71.382225,0.0,2.5,-8.8,-3.1500000000000004
2013-11-06,47.94186,-71.382225,9.3,8.9,1.1,5.0
2013-11-07,47.94186,-71.382225,0.4,6.9,-1.4,2.75
2013-11-08,47.94186,-71.382225,9.4,-1.3,-3.1,-2.2
2013-11-09,47.94186,-71.382225,0.0,-3.1,-5.2,-4.15
2013-11-10,47.94186,-71.382225,0.2,-0.3,-9.0,-4.65
2013-11-11,47.94186,-71.382225,3.9,-2.5,-6.1,-4.3
2013-11-12,47.94186,-71.382225,6.0,-6.8,-9.7,-8.25
2013-11-13,47.94186,-71.382225,0.0,-2.7,-10.6,-6.65
2013-11-14,47.94186,-71.382225,0.0,0.5,-7.8,-3.65
2013-11-15,47.94186,-71.382225,0.2,1.7,-0.1,0.7999999999999999
2013-11-16,47.94186,-71.382225,0.0,6.3,-0.8,2.75
2013-11-17,47.94186,-71.382225,4.4,9.2,-2.3,3.4499999999999997
2013-11-18,47.94186,-71.382225,8.4,8.5,1.9,5.2
2013-11-19,47.94186,-71.382225,1.8,-3.8,-6.6,-5.199999999999999
2013-11-20,47.94186,-71.382225,0.0,-5.1,-10.1,-7.6
2013-11-21,47.94186,-71.382225,0.0,2.9,-12.8,-4.95
2013-11-22,47.94186,-71.382225,12.0,0.4,-3.1,-1.35
2013-11-23,47.94186,-71.382225,9.6,-6.8,-10.7,-8.75
2013-11-24,47.94186,-71.382225,6.3,-12.1,-13.9,-13.0
2013-11-25,47.94186,-71.382225,1.7,-5.6,-15.2,-10.399999999999999
2013-11-26,47.94186,-71.382225,7.4,-2.9,-11.3,-7.1000000000000005
2013-11-27,47.94186,-71.382225,13.6,0.1,-4.0,-1.95
2013-11-28,47.94186,-71.382225,0.4,-11.7,-13.5,-12.6
2013-11-29,47.94186,-71.382225,0.0,-10.3,-14.2,-12.25
2013-11-30,47.94186,-71.382225,1.4,-9.8,-24.2,-17.0
2013-12-01,47.94186,-71.382225,0.0,-4.6,-13.0,-8.8
2013-12-02,47.94186,-71.382225,1.1,-3.2,-8.1,-5.65
2013-12-03,47.94186,-71.382225,0.0,-0.6,-4.9,-2.75
2013-12-04,47.94186,-71.382225,0.0,-3.7,-5.7,-4.7
2013-12-05,47.94186,-71.382225,6.8,5.3,-11.6,-3.15
2013-12-06,47.94186,-71.382225,0.0,-1.9,-6.3,-4.1
2013-12-07,47.94186,-71.382225,0.4,-9.1,-12.1,-10.6
2013-12-08,47.94186,-71.382225,0.0,-11.9,-19.4,-15.649999999999999
2013-12-09,47.94186,-71.382225,10.1,-4.4,-24.6,-14.5
2013-12-10,47.94186,-71.382225,0.0,-8.8,-15.7,-12.25
2013-12-11,47.94186,-71.382225,1.0,-13.3,-24.6,-18.950000000000003
2013-12-12,47.94186,-71.382225,1.0,-19.0,-32.9,-25.95
2013-12-13,47.94186,-71.382225,0.0,-21.8,-26.6,-24.200000000000003
2013-12-14,47.94186,-71.382225,1.2,-17.2,-34.6,-25.9
2013-12-15,47.94186,-71.382225,5.6,-12.7,-26.9,-19.799999999999997
2013-12-16,47.94186,-71.382225,0.0,-15.5,-19.8,-17.65
2013-12-17,47.94186,-71.382225,0.2,-14.6,-27.6,-21.1
2013-12-18,47.94186,-71.382225,1.0,-8.6,-23.4,-16.0
2013-12-19,47.94186,-71.382225,1.6,-10.3,-17.4,-13.85
2013-12-20,47.94186,-71.382225,4.2,-13.4,-20.2,-16.8
2013-12-21,47.94186,-71.382225,1.2,-13.1,-17.4,-15.25
2013-12-22,47.94186,-71.382225,10.3,-12.1,-18.3,-15.2
2013-12-23,47.94186,-71.382225,0.8,-8.6,-13.8,-11.2
2013-12-24,47.94186,-71.382225,0.2,-14.6,-22.1,-18.35
2013-12-25,47.94186,-71.382225,0.0,-12.9,-28.1,-20.5
2013-12-26,47.94186,-71.382225,0.0,-9.5,-23.7,-16.6
2013-12-27,47.94186,-71.382225,1.9,-7.6,-15.6,-11.6
2013-12-28,47.94186,-71.382225,2.8,-5.4,-19.3,-12.350000000000001
2013-12-29,47.94186,-71.382225,6.4,-10.9,-20.0,-15.45
2013-12-30,47.94186,-71.382225,0.0,-17.8,-23.0,-20.4
2013-12-31,47.94186,-71.382225,0.2,-20.2,-33.0,-26.6
2014-01-01,47.94186,-71.382225,0.0,-24.4,-32.1,-28.25
2014-01-02,47.94186,-71.382225,0.0,-27.8,-41.4,-34.6
2014-01-03,47.94186,-71.382225,0.3,-22.3,-41.3,-31.799999999999997
2014-01-04,47.94186,-71.382225,4.2,-9.3,-37.1,-23.200000000000003
2014-01-05,47.94186,-71.382225,7.0,-1.9,-13.5,-7.7
2014-01-06,47.94186,-71.382225,10.1,1.8,-7.6,-2.9
2014-01-07,47.94186,-71.382225,0.0,-20.9,-23.5,-22.2
2014-01-08,47.94186,-71.382225,0.0,-15.0,-21.8,-18.4
2014-01-09,47.94186,-71.382225,0.0,-13.7,-21.9,-17.799999999999997
2014-01-10,47.94186,-71.382225,0.0,-2.7,-23.5,-13.1
2014-01-11,47.94186,-71.382225,16.1,5.6,-7.1,-0.75
2014-01-12,47.94186,-71.382225,1.7,-0.3,-3.8,-2.05
2014-01-13,47.94186,-71.382225,5.4,1.6,-7.7,-3.05
2014-01-14,47.94186,-71.382225,2.8,1.8,-1.3,0.25
2014-01-15,47.94186,-71.382225,0.4,-1.4,-14.1,-7.75
2014-01-16,47.94186,-71.382225,0.0,-3.6,-10.3,-6.95
2014-01-17,47.94186,-71.382225,0.2,-2.7,-12.8,-7.75
2014-01-18,47.94186,-71.382225,1.7,-3.0,-10.2,-6.6
2014-01-19,47.94186,-71.382225,1.4,-5.6,-15.5,-10.55
2014-01-20,47.94186,-71.382225,0.0,-20.6,-26.3,-23.450000000000003
2014-01-21,47.94186,-71.382225,0.0,-24.5,-36.1,-30.3
2014-01-22,47.94186,-71.382225,0.0,-21.7,-38.3,-30.0
2014-01-23,47.94186,-71.382225,0.0,-19.2,-34.5,-26.85
2014-01-24,47.94186,-71.382225,0.2,-14.3,-33.8,-24.049999999999997
2014-01-25,47.94186,-71.382225,0.8,-11.6,-20.5,-16.05
2014-01-26,47.94186,-71.382225,0.0,-18.1,-28.7,-23.4
2014-01-27,47.94186,-71.382225,2.2,-9.3,-29.7,-19.5
2014-01-28,47.94186,-71.382225,0.0,-18.1,-28.8,-23.450000000000003
2014-01-29,47.94186,-71.382225,0.2,-15.4,-21.0,-18.2
2014-01-30,47.94186,-71.382225,0.6,-8.3,-28.1,-18.200000000000003
2014-01-31,47.94186,-71.382225,0.5,-5.4,-11.8,-8.600000000000001
2014-02-01,47.94186,-71.382225,7.2,-6.5,-24.6,-15.55
2014-02-02,47.94186,-71.382225,0.8,-4.9,-9.6,-7.25
2014-02-03,47.94186,-71.382225,0.0,-9.5,-24.9,-17.2
2014-02-04,47.94186,-71.382225,0.4,-10.3,-23.2,-16.75
2014-02-05,47.94186,-71.382225,0.0,-13.4,-20.4,-16.9
2014-02-06,47.94186,-71.382225,0.0,-13.2,-30.6,-21.9
2014-02-07,47.94186,-71.382225,0.2,-10.8,-18.3,-14.55
2014-02-08,47.94186,-71.382225,0.0,-12.5,-18.2,-15.35
2014-02-09,47.94186,-71.382225,0.0,-13.0,-28.1,-20.55
2014-02-10,47.94186,-71.382225,0.2,-13.8,-27.6,-20.700000000000003
2014-02-11,47.94186,-71.382225,0.0,-17.2,-26.0,-21.6
2014-02-12,47.94186,-71.382225,0.0,-6.5,-33.2,-19.85
2014-02-13,47.94186,-71.382225,1.5,-4.5,-15.0,-9.75
2014-02-14,47.94186,-71.382225,11.6,-9.8,-12.6,-11.2
2014-02-15,47.94186,-71.382225,1.4,-9.7,-25.8,-17.75
2014-02-16,47.94186,-71.382225,1.3,-11.5,-16.3,-13.9
2014-02-17,47.94186,-71.382225,0.0,-13.3,-24.5,-18.9
2014-02-18,47.94186,-71.382225,0.0,-3.5,-27.3,-15.4
2014-02-19,47.94186,-71.382225,1.2,1.2,-8.6,-3.6999999999999997
2014-02-20,47.94186,-71.382225,0.8,-1.3,-5.3,-3.3
2014-02-21,47.94186,-71.382225,3.3,-1.0,-20.3,-10.65
2014-02-22,47.94186,-71.382225,1.4,-1.5,-3.9,-2.7
2014-02-23,47.94186,-71.382225,2.9,-5.5,-8.1,-6.8
2014-02-24,47.94186,-71.382225,1.0,-7.9,-17.3,-12.600000000000001
2014-02-25,47.94186,-71.382225,0.0,-15.0,-21.0,-18.0
2014-02-26,47.94186,-71.382225,1.5,-12.0,-30.2,-21.1
2014-02-27,47.94186,-71.382225,0.7,-12.8,-27.4,-20.1
2014-02-28,47.94186,-71.382225,0.2,-15.7,-26.4,-21.049999999999997
2014-03-01,47.94186,-71.382225,4.5,-11.0,-30.8,-20.9
2014-03-02,47.94186,-71.382225,0.2,-14.2,-23.2,-18.7
2014-03-03,47.94186,-71.382225,0.0,-19.6,-29.4,-24.5
2014-03-04,47.94186,-71.382225,0.0,-15.5,-28.3,-21.9
2014-03-05,47.94186,-71.382225,0.0,-16.9,-35.9,-26.4
2014-03-06,47.94186,-71.382225,0.0,-7.2,-36.7,-21.950000000000003
2014-03-07,47.94186,-71.382225,5.7,-1.1,-24.0,-12.55
2014-03-08,47.94186,-71.382225,0.2,-5.7,-14.1,-9.9
2014-03-09,47.94186,-71.382225,0.2,-9.7,-28.0,-18.85
2014-03-10,47.94186,-71.382225,2.6,-3.5,-20.4,-11.95
2014-03-11,47.94186,-71.382225,2.2,-2.7,-7.5,-5.1
2014-03-12,47.94186,-71.382225,0.6,-11.3,-16.6,-13.950000000000001
2014-03-13,47.94186,-71.382225,0.0,-14.4,-22.9,-18.65
2014-03-14,47.94186,-71.382225,11.7,-1.6,-31.6,-16.6
2014-03-15,47.94186,-71.382225,3.1,0.3,-10.8,-5.25
2014-03-16,47.94186,-71.382225,0.2,-15.2,-19.9,-17.549999999999997
2014-03-17,47.94186,-71.382225,0.0,-13.6,-25.9,-19.75
2014-03-18,47.94186,-71.382225,0.0,-7.0,-32.8,-19.9
2014-03-19,47.94186,-71.382225,1.7,-0.5,-21.9,-11.2
2014-03-20,47.94186,-71.382225,4.9,1.8,-6.7,-2.45
2014-03-21,47.94186,-71.382225,1.9,-3.9,-5.6,-4.75
2014-03-22,47.94186,-71.382225,4.4,-4.3,-23.8,-14.05
2014-03-23,47.94186,-71.382225,0.0,-14.3,-19.9,-17.1
2014-03-24,47.94186,-71.382225,0.0,-10.3,-34.3,-22.299999999999997
2014-03-25,47.94186,-71.382225,0.6,-7.1,-24.1,-15.600000000000001
2014-03-26,47.94186,-71.382225,0.5,-4.5,-21.7,-13.1
2014-03-27,47.94186,-71.382225,0.6,-4.1,-31.0,-17.55
2014-03-28,47.94186,-71.382225,5.1,1.3,-10.5,-4.6
2014-03-29,47.94186,-71.382225,0.0,-1.5,-7.1,-4.3
2014-03-30,47.94186,-71.382225,2.0,-1.3,-16.7,-9.0
2014-03-31,47.94186,-71.382225,0.0,0.9,-6.5,-2.8
2014-04-01,47.94186,-71.382225,0.0,9.2,-17.8,-4.300000000000001
2014-04-02,47.94186,-71.382225,0.5,4.5,-4.2,0.1499999999999999
2014-04-03,47.94186,-71.382225,0.0,-4.1,-6.8,-5.449999999999999
2014-04-04,47.94186,-71.382225,1.1,7.7,-18.9,-5.6
2014-04-05,47.94186,-71.382225,4.7,4.2,-1.1,1.55
2014-04-06,47.94186,-71.382225,0.0,3.6,-6.3,-1.3499999999999999
2014-04-07,47.94186,-71.382225,3.4,11.7,-3.2,4.25
2014-04-08,47.94186,-71.382225,6.9,4.6,-0.7,1.9499999999999997
2014-04-09,47.94186,-71.382225,0.0,0.9,-9.5,-4.3
2014-04-10,47.94186,-71.382225,4.5,8.5,-16.4,-3.9499999999999993
2014-04-11,47.94186,-71.382225,1.3,4.8,0.3,2.55
2014-04-12,47.94186,-71.382225,3.4,3.2,-6.5,-1.65
2014-04-13,47.94186,-71.382225,0.4,7.5,-13.6,-3.05
2014-04-14,47.94186,-71.382225,8.9,18.4,-1.0,8.7
2014-04-15,47.94186,-71.382225,23.0,11.2,-0.7,5.25
2014-04-16,47.94186,-71.382225,0.0,-3.0,-14.5,-8.75
2014-04-17,47.94186,-71.382225,0.2,3.3,-15.2,-5.949999999999999
2014-04-18,47.94186,-71.382225,4.5,8.0,-4.1,1.9500000000000002
2014-04-19,47.94186,-71.382225,0.5,2.4,-2.3,0.050000000000000044
2014-04-20,47.94186,-71.382225,0.0,8.3,-12.5,-2.0999999999999996
2014-04-21,47.94186,-71.382225,1.2,13.7,0.6,7.1499999999999995
2014-04-22,47.94186,-71.382225,19.7,6.2,-3.1,1.55
2014-04-23,47.94186,-71.382225,8.2,1.7,-0.4,0.6499999999999999
2014-04-24,47.94186,-71.382225,2.7,2.3,-3.0,-0.3500000000000001
2014-04-25,47.94186,-71.382225,0.6,6.5,-5.7,0.3999999999999999
2014-04-26,47.94186,-71.382225,4.2,3.6,-3.1,0.25
2014-04-27,47.94186,-71.382225,0.0,6.5,-0.8,2.85
2014-04-28,47.94186,-71.382225,0.0,6.6,-3.7,1.4499999999999997
2014-04-29,47.94186,-71.382225,0.0,10.9,1.4,6.15
2014-04-30,47.94186,-71.382225,4.3,13.4,1.8,7.6000000000000005
2014-05-01,47.94186,-71.382225,4.8,8.1,2.1,5.1
2014-05-02,47.94186,-71.382225,1.4,8.5,2.6,5.55
2014-05-03,47.94186,-71.382225,1.4,8.0,1.3,4.65
2014-05-04,47.94186,-71.382225,0.9,9.4,0.2,4.8
2014-05-05,47.94186,-71.382225,0.4,6.7,0.4,3.5500000000000003
2014-05-06,47.94186,-71.382225,1.5,5.9,-1.1,2.4000000000000004
2014-05-07,47.94186,-71.382225,0.0,11.5,-0.5,5.5
2014-05-08,47.94186,-71.382225,0.0,11.9,-5.3,3.3000000000000003
2014-05-09,47.94186,-71.382225,9.0,15.2,-3.6,5.8
2014-05-10,47.94186,-71.382225,2.6,18.3,5.6,11.95
2014-05-11,47.94186,-71.382225,4.8,10.2,2.9,6.55
2014-05-12,47.94186,-71.382225,1.8,8.9,0.7,4.8
2014-05-13,47.94186,-71.382225,7.4,16.1,-2.7,6.700000000000001
2014-05-14,47.94186,-71.382225,4.4,14.0,4.5,9.25
2014-05-15,47.94186,-71.382225,0.2,22.3,6.2,14.25
2014-05-16,47.94186,-71.382225,4.0,23.3,9.5,16.4
2014-05-17,47.94186,-71.382225,3.5,14.4,9.5,11.95
2014-05-18,47.94186,-71.382225,3.1,12.9,3.6,8.25
2014-05-19,47.94186,-71.382225,0.0,16.1,0.9,8.5
2014-05-20,47.94186,-71.382225,0.0,16.2,-1.3,7.449999999999999
2014-05-21,47.94186,-71.382225,2.5,16.1,1.4,8.75
2014-05-22,47.94186,-71.382225,0.0,16.6,6.4,11.5
2014-05-23,47.94186,-71.382225,0.0,17.2,4.8,11.0
2014-05-24,47.94186,-71.382225,1.2,17.7,3.7,10.7
2014-05-25,47.94186,-71.382225,12.9,20.8,4.6,12.7
2014-05-26,47.94186,-71.382225,0.0,20.7,10.5,15.6
2014-05-27,47.94186,-71.382225,0.0,12.1,3.1,7.6
2014-05-28,47.94186,-71.382225,0.0,18.7,4.4,11.55
2014-05-29,47.94186,-71.382225,1.9,20.0,0.1,10.05
2014-05-30,47.94186,-71.382225,1.2,15.4,7.3,11.35
2014-05-31,47.94186,-71.382225,0.0,17.7,-0.9,8.4
2014-06-01,47.94186,-71.382225,1.4,19.9,3.3,11.6
2014-06-02,47.94186,-71.382225,2.3,20.6,9.9,15.25
2014-06-03,47.94186,-71.382225,4.9,26.0,13.3,19.65
2014-06-04,47.94186,-71.382225,1.2,18.9,12.3,15.6
2014-06-05,47.94186,-71.382225,0.8,16.1,8.0,12.05
2014-06-06,47.94186,-71.382225,0.0,21.7,7.5,14.6
2014-06-07,47.94186,-71.382225,0.0,25.2,5.7,15.45
2014-06-08,47.94186,-71.382225,0.0,28.3,7.2,17.75
2014-06-09,47.94186,-71.382225,0.0,20.1,12.0,16.05
2014-06-10,47.94186,-71.382225,0.0,22.1,3.7,12.9
2014-06-11,47.94186,-71.382225,0.0,25.8,3.2,14.5
2014-06-12,47.94186,-71.382225,15.1,16.6,6.2,11.4
2014-06-13,47.94186,-71.382225,19.8,17.7,10.1,13.899999999999999
2014-06-14,47.94186,-71.382225,10.2,14.6,10.8,12.7
2014-06-15,47.94186,-71.382225,0.0,17.0,7.4,12.2
2014-06-16,47.94186,-71.382225,0.0,21.4,1.1,11.25
2014-06-17,47.94186,-71.382225,1.5,23.1,8.4,15.75
2014-06-18,47.94186,-71.382225,11.6,17.8,12.2,15.0
2014-06-19,47.94186,-71.382225,0.0,14.3,2.3,8.3
2014-06-20,47.94186,-71.382225,0.0,14.8,5.5,10.15
2014-06-21,47.94186,-71.382225,0.0,17.2,4.6,10.899999999999999
2014-06-22,47.94186,-71.382225,0.0,22.4,3.4,12.899999999999999
2014-06-23,47.94186,-71.382225,0.0,24.8,4.7,14.75
2014-06-24,47.94186,-71.382225,8.0,23.6,10.4,17.0
2014-06-25,47.94186,-71.382225,0.0,22.0,13.1,17.55
2014-06-26,47.94186,-71.382225,0.0,23.1,6.4,14.75
2014-06-27,47.94186,-71.382225,0.0,26.7,4.9,15.8
2014-06-28,47.94186,-71.382225,0.0,26.9,7.3,17.099999999999998
2014-06-29,47.94186,-71.382225,0.0,27.9,9.7,18.799999999999997
2014-06-30,47.94186,-71.382225,0.0,27.0,13.3,20.15
2014-07-01,47.94186,-71.382225,0.0,28.5,16.5,22.5
2014-07-02,47.94186,-71.382225,6.2,25.9,15.9,20.9
2014-07-03,47.94186,-71.382225,2.5,19.2,10.5,14.85
2014-07-04,47.94186,-71.382225,0.0,18.6,10.9,14.75
2014-07-05,47.94186,-71.382225,1.3,19.5,5.6,12.55
2014-07-06,47.94186,-71.382225,11.8,15.7,10.3,13.0
2014-07-07,47.94186,-71.382225,3.3,19.2,14.2,16.7
2014-07-08,47.94186,-71.382225,10.0,24.7,15.7,20.2
2014-07-09,47.94186,-71.382225,0.3,19.6,14.5,17.05
2014-07-10,47.94186,-71.382225,0.0,17.4,8.6,13.0
2014-07-11,47.94186,-71.382225,0.0,21.0,4.1,12.55
2014-07-12,47.94186,-71.382225,0.0,23.8,6.6,15.2
2014-07-13,47.94186,-71.382225,12.1,21.2,13.6,17.4
2014-07-14,47.94186,-71.382225,0.0,20.8,11.6,16.2
2014-07-15,47.94186,-71.382225,0.9,23.7,7.6,15.649999999999999
2014-07-16,47.94186,-71.382225,0.0,23.0,14.6,18.8
2014-07-17,47.94186,-71.382225,1.0,17.9,8.5,13.2
2014-07-18,47.94186,-71.382225,0.0,21.1,11.2,16.15
2014-07-19,47.94186,-71.382225,0.0,25.9,8.5,17.2
2014-07-20,47.94186,-71.382225,5.9,24.5,9.0,16.75
2014-07-21,47.94186,-71.382225,0.0,25.1,13.4,19.25
2014-07-22,47.94186,-71.382225,0.0,26.1,12.6,19.35
2014-07-23,47.94186,-71.382225,1.1,20.8,14.8,17.8
2014-07-24,47.94186,-71.382225,1.7,19.2,5.5,12.35
2014-07-25,47.94186,-71.382225,0.4,20.1,6.3,13.200000000000001
2014-07-26,47.94186,-71.382225,0.7,20.0,11.2,15.6
2014-07-27,47.94186,-71.382225,15.3,17.4,9.5,13.45
2014-07-28,47.94186,-71.382225,45.7,19.1,10.7,14.9
2014-07-29,47.94186,-71.382225,0.0,17.3,10.1,13.7
2014-07-30,47.94186,-71.382225,0.0,19.6,3.7,11.65
2014-07-31,47.94186,-71.382225,4.4,21.1,7.9,14.5
2014-08-01,47.94186,-71.382225,0.7,21.1,8.5,14.8
2014-08-02,47.94186,-71.382225,0.0,23.6,7.4,15.5
2014-08-03,47.94186,-71.382225,1.4,22.6,9.2,15.9
2014-08-04,47.94186,-71.382225,2.1,24.5,8.0,16.25
2014-08-05,47.94186,-71.382225,0.0,21.3,9.3,15.3
2014-08-06,47.94186,-71.382225,2.6,21.8,3.8,12.8
2014-08-07,47.94186,-71.382225,0.0,21.2,10.0,15.6
2014-08-08,47.94186,-71.382225,1.2,22.3,5.8,14.05
2014-08-09,47.94186,-71.382225,0.0,23.9,7.1,15.5
2014-08-10,47.94186,-71.382225,0.0,26.5,9.0,17.75
2014-08-11,47.94186,-71.382225,1.8,26.7,9.6,18.15
2014-08-12,47.94186,-71.382225,0.0,25.6,14.6,20.1
2014-08-13,47.94186,-71.382225,7.3,18.9,14.1,16.5
2014-08-14,47.94186,-71.382225,2.7,19.0,11.3,15.15
2014-08-15,47.94186,-71.382225,0.7,15.3,3.6,9.450000000000001
2014-08-16,47.94186,-71.382225,5.8,16.1,7.4,11.75
2014-08-17,47.94186,-71.382225,11.7,18.3,9.8,14.05
2014-08-18,47.94186,-71.382225,0.2,14.0,9.3,11.65
2014-08-19,47.94186,-71.382225,0.0,21.6,4.7,13.15
2014-08-20,47.94186,-71.382225,0.0,24.9,5.6,15.25
2014-08-21,47.94186,-71.382225,0.0,25.5,7.9,16.7
2014-08-22,47.94186,-71.382225,0.0,23.7,7.1,15.399999999999999
2014-08-23,47.94186,-71.382225,0.0,24.2,7.9,16.05
2014-08-24,47.94186,-71.382225,0.0,27.3,8.6,17.95
2014-08-25,47.94186,-71.382225,0.0,27.1,9.3,18.200000000000003
2014-08-26,47.94186,-71.382225,1.3,24.8,12.2,18.5
2014-08-27,47.94186,-71.382225,13.0,17.2,13.1,15.149999999999999
2014-08-28,47.94186,-71.382225,1.1,14.4,9.5,11.95
2014-08-29,47.94186,-71.382225,0.2,19.5,2.7,11.1
2014-08-30,47.94186,-71.382225,10.5,18.0,6.5,12.25
2014-08-31,47.94186,-71.382225,33.3,18.9,14.5,16.7
2014-09-01,47.94186,-71.382225,2.9,22.0,15.4,18.7
2014-09-02,47.94186,-71.382225,7.0,22.7,14.2,18.45
2014-09-03,47.94186,-71.382225,0.7,20.3,13.1,16.7
2014-09-04,47.94186,-71.382225,19.4,21.0,8.0,14.5
2014-09-05,47.94186,-71.382225,7.3,24.4,14.1,19.25
2014-09-06,47.94186,-71.382225,0.9,11.6,7.9,9.75
2014-09-07,47.94186,-71.382225,0.0,15.0,1.6,8.3
2014-09-08,47.94186,-71.382225,0.0,17.1,-1.4,7.8500000000000005
2014-09-09,47.94186,-71.382225,0.0,20.1,5.9,13.0
2014-09-10,47.94186,-71.382225,2.7,20.9,4.1,12.5
2014-09-11,47.94186,-71.382225,1.1,17.7,9.2,13.45
2014-09-12,47.94186,-71.382225,0.0,9.9,3.3,6.6
2014-09-13,47.94186,-71.382225,7.2,9.5,-1.7,3.9
2014-09-14,47.94186,-71.382225,0.0,6.6,2.7,4.65
2014-09-15,47.94186,-71.382225,0.7,11.3,1.1,6.2
2014-09-16,47.94186,-71.382225,2.6,12.7,6.8,9.75
2014-09-17,47.94186,-71.382225,0.7,9.3,1.3,5.300000000000001
2014-09-18,47.94186,-71.382225,0.2,4.3,-0.5,1.9
2014-09-19,47.94186,-71.382225,0.0,9.2,-2.4,3.3999999999999995
2014-09-20,47.94186,-71.382225,16.8,14.8,3.7,9.25
2014-09-21,47.94186,-71.382225,22.6,16.2,12.3,14.25
2014-09-22,47.94186,-71.382225,8.4,7.0,4.2,5.6
2014-09-23,47.94186,-71.382225,5.3,7.9,2.3,5.1
2014-09-24,47.94186,-71.382225,0.0,14.9,-1.3,6.8
2014-09-25,47.94186,-71.382225,0.0,19.5,3.8,11.65
2014-09-26,47.94186,-71.382225,0.0,20.5,5.1,12.8
2014-09-27,47.94186,-71.382225,0.0,21.7,11.0,16.35
2014-09-28,47.94186,-71.382225,4.0,22.8,9.7,16.25
2014-09-29,47.94186,-71.382225,10.1,7.2,4.4,5.800000000000001
2014-09-30,47.94186,-71.382225,0.0,8.4,2.2,5.300000000000001
2014-10-01,47.94186,-71.382225,0.0,15.7,1.1,8.4
2014-10-02,47.94186,-71.382225,0.0,19.1,-1.2,8.950000000000001
2014-10-03,47.94186,-71.382225,0.0,20.7,1.6,11.15
2014-10-04,47.94186,-71.382225,8.9,14.7,7.5,11.1
2014-10-05,47.94186,-71.382225,0.4,9.7,2.9,6.3
2014-10-06,47.94186,-71.382225,0.0,10.6,-1.5,4.55
2014-10-07,47.94186,-71.382225,5.2,11.5,3.0,7.25
2014-10-08,47.94186,-71.382225,20.2,12.7,3.9,8.299999999999999
2014-10-09,47.94186,-71.382225,7.3,4.0,0.3,2.15
2014-10-10,47.94186,-71.382225,1.2,5.4,1.2,3.3000000000000003
2014-10-11,47.94186,-71.382225,2.0,4.8,1.4,3.0999999999999996
2014-10-12,47.94186,-71.382225,0.0,7.9,1.1,4.5
2014-10-13,47.94186,-71.382225,0.0,13.7,-2.3,5.699999999999999
2014-10-14,47.94186,-71.382225,7.9,18.3,2.0,10.15
2014-10-15,47.94186,-71.382225,33.1,13.1,9.3,11.2
2014-10-16,47.94186,-71.382225,15.0,16.6,10.2,13.4
2014-10-17,47.94186,-71.382225,13.7,12.7,10.4,11.55
2014-10-18,47.94186,-71.382225,8.2,11.9,2.8,7.35
2014-10-19,47.94186,-71.382225,1.7,1.5,-1.5,0.0
2014-10-20,47.94186,-71.382225,0.0,1.5,-2.4,-0.44999999999999996
2014-10-21,47.94186,-71.382225,0.0,3.7,-4.0,-0.1499999999999999
2014-10-22,47.94186,-71.382225,0.0,8.0,-5.4,1.2999999999999998
2014-10-23,47.94186,-71.382225,0.0,10.7,-3.8,3.4499999999999997
2014-10-24,47.94186,-71.382225,0.0,11.6,-1.5,5.05
2014-10-25,47.94186,-71.382225,7.5,14.7,-2.2,6.25
2014-10-26,47.94186,-71.382225,6.1,5.5,3.4,4.45
2014-10-27,47.94186,-71.382225,3.2,3.9,1.4,2.65
2014-10-28,47.94186,-71.382225,1.4,9.3,-0.8,4.25
2014-10-29,47.94186,-71.382225,1.6,11.4,4.9,8.15
2014-10-30,47.94186,-71.382225,0.0,3.3,0.2,1.75
2014-10-31,47.94186,-71.382225,0.0,0.8,-1.9,-0.5499999999999999
2014-11-01,47.94186,-71.382225,0.0,0.1,-1.9,-0.8999999999999999
2014-11-02,47.94186,-71.382225,0.0,-0.1,-6.8,-3.4499999999999997
2014-11-03,47.94186,-71.382225,0.0,1.0,-7.9,-3.45
2014-11-04,47.94186,-71.382225,18.5,5.5,-9.0,-1.75
2014-11-05,47.94186,-71.382225,3.0,5.1,0.5,2.8
2014-11-06,47.94186,-71.382225,0.8,2.0,-0.6,0.7
2014-11-07,47.94186,-71.382225,2.8,-0.7,-3.8,-2.25
2014-11-08,47.94186,-71.382225,0.4,-0.9,-7.4,-4.15
2014-11-09,47.94186,-71.382225,1.3,-0.2,-6.7,-3.45
2014-11-10,47.94186,-71.382225,3.8,-0.1,-9.9,-5.0
2014-11-11,47.94186,-71.382225,0.2,3.1,-9.8,-3.3500000000000005
2014-11-12,47.94186,-71.382225,6.4,4.5,-1.6,1.45
2014-11-13,47.94186,-71.382225,0.0,-1.6,-5.7,-3.6500000000000004
2014-11-14,47.94186,-71.382225,0.6,-5.0,-11.6,-8.3
2014-11-15,47.94186,-71.382225,1.0,-4.8,-12.6,-8.7
2014-11-16,47.94186,-71.382225,3.0,-2.3,-14.5,-8.4
2014-11-17,47.94186,-71.382225,3.2,-1.7,-5.1,-3.4
2014-11-18,47.94186,-71.382225,1.0,-3.5,-8.6,-6.05
2014-11-19,47.94186,-71.382225,0.0,-9.4,-13.4,-11.4
2014-11-20,47.94186,-71.382225,2.8,-5.7,-15.9,-10.8
2014-11-21,47.94186,-71.382225,0.9,-9.3,-13.0,-11.15
2014-11-22,47.94186,-71.382225,4.0,-1.0,-18.3,-9.65
2014-11-23,47.94186,-71.382225,0.2,4.7,-3.1,0.8
2014-11-24,47.94186,-71.382225,7.4,10.3,-0.3,5.0
2014-11-25,47.94186,-71.382225,1.7,3.1,-0.1,1.5
2014-11-26,47.94186,-71.382225,0.0,-5.3,-7.7,-6.5
2014-11-27,47.94186,-71.382225,0.0,-7.6,-14.1,-10.85
2014-11-28,47.94186,-71.382225,0.9,-9.7,-17.0,-13.35
2014-11-29,47.94186,-71.382225,2.0,-3.5,-20.9,-12.2
2014-11-30,47.94186,-71.382225,2.9,3.7,-11.6,-3.9499999999999997
2014-12-01,47.94186,-71.382225,0.4,-9.0,-13.4,-11.2
2014-12-02,47.94186,-71.382225,1.2,-3.4,-26.0,-14.7
2014-12-03,47.94186,-71.382225,6.1,0.1,-14.6,-7.25
2014-12-04,47.94186,-71.382225,0.0,-13.1,-21.5,-17.3
2014-12-05,47.94186,-71.382225,0.4,-3.5,-26.1,-14.8
2014-12-06,47.94186,-71.382225,0.5,-2.0,-11.6,-6.8
2014-12-07,47.94186,-71.382225,0.0,-18.9,-26.0,-22.45
2014-12-08,47.94186,-71.382225,0.0,-4.7,-27.5,-16.1
2014-12-09,47.94186,-71.382225,1.1,-1.5,-10.0,-5.75
2014-12-10,47.94186,-71.382225,4.6,-3.4,-5.8,-4.6
2014-12-11,47.94186,-71.382225,0.0,1.9,-5.6,-1.8499999999999999
2014-12-12,47.94186,-71.382225,0.0,1.3,-3.9,-1.2999999999999998
2014-12-13,47.94186,-71.382225,1.0,-1.7,-3.2,-2.45
2014-12-14,47.94186,-71.382225,0.0,0.3,-7.1,-3.4
2014-12-15,47.94186,-71.382225,0.0,-3.5,-7.6,-5.55
2014-12-16,47.94186,-71.382225,0.0,-3.1,-11.2,-7.1499999999999995
2014-12-17,47.94186,-71.382225,4.3,-1.1,-5.0,-3.05
2014-12-18,47.94186,-71.382225,1.7,-4.2,-6.7,-5.45
2014-12-19,47.94186,-71.382225,0.0,-7.3,-15.6,-11.45
2014-12-20,47.94186,-71.382225,0.0,-5.4,-22.6,-14.0
2014-12-21,47.94186,-71.382225,0.0,-7.4,-22.8,-15.100000000000001
2014-12-22,47.94186,-71.382225,0.0,-6.8,-22.5,-14.65
2014-12-23,47.94186,-71.382225,0.7,1.2,-17.5,-8.15
2014-12-24,47.94186,-71.382225,6.1,7.6,-3.0,2.3
2014-12-25,47.94186,-71.382225,1.5,4.4,-1.4,1.5000000000000002
2014-12-26,47.94186,-71.382225,0.0,-1.1,-3.8,-2.45
2014-12-27,47.94186,-71.382225,9.7,1.5,-3.9,-1.2
2014-12-28,47.94186,-71.382225,1.5,1.3,-6.5,-2.6
2014-12-29,47.94186,-71.382225,0.0,-17.7,-23.0,-20.35
2014-12-30,47.94186,-71.382225,0.0,-22.0,-26.7,-24.35
2014-12-31,47.94186,-71.382225,0.4,-12.5,-27.4,-19.95
2015-01-01,47.94186,-71.382225,4.7,-9.7,-18.9,-14.299999999999999
2015-01-02,47.94186,-71.382225,0.8,-16.3,-21.5,-18.9
2015-01-03,47.94186,-71.382225,3.6,-10.8,-30.8,-20.8
2015-01-04,47.94186,-71.382225,12.4,-2.1,-17.5,-9.8
2015-01-05,47.94186,-71.382225,0.0,-17.8,-25.3,-21.55
2015-01-06,47.94186,-71.382225,0.4,-18.1,-34.8,-26.45
2015-01-07,47.94186,-71.382225,0.0,-24.6,-29.6,-27.1
2015-01-08,47.94186,-71.382225,1.7,-14.7,-36.1,-25.4
2015-01-09,47.94186,-71.382225,1.3,-12.0,-23.4,-17.7
2015-01-10,47.94186,-71.382225,0.0,-14.9,-25.0,-19.95
2015-01-11,47.94186,-71.382225,2.6,-10.1,-20.5,-15.3
2015-01-12,47.94186,-71.382225,1.7,-7.4,-16.9,-12.149999999999999
2015-01-13,47.94186,-71.382225,0.0,-17.6,-32.3,-24.95
2015-01-14,47.94186,-71.382225,0.0,-7.4,-26.6,-17.0
2015-01-15,47.94186,-71.382225,2.1,-7.0,-21.9,-14.45
2015-01-16,47.94186,-71.382225,1.2,-11.3,-22.7,-17.0
2015-01-17,47.94186,-71.382225,1.3,-6.3,-33.7,-20.0
2015-01-18,47.94186,-71.382225,20.3,-1.0,-18.7,-9.85
2015-01-19,47.94186,-71.382225,2.9,-3.4,-9.4,-6.4
2015-01-20,47.94186,-71.382225,0.0,-19.7,-23.0,-21.35
2015-01-21,47.94186,-71.382225,0.0,-8.6,-26.9,-17.75
2015-01-22,47.94186,-71.382225,0.4,-6.0,-25.3,-15.65
2015-01-23,47.94186,-71.382225,5.6,-5.2,-18.4,-11.799999999999999
2015-01-24,47.94186,-71.382225,1.3,-3.3,-7.6,-5.449999999999999
2015-01-25,47.94186,-71.382225,0.0,-15.8,-20.6,-18.200000000000003
2015-01-26,47.94186,-71.382225,0.0,-15.5,-29.9,-22.7
2015-01-27,47.94186,-71.382225,0.0,-16.7,-31.3,-24.0
2015-01-28,47.94186,-71.382225,0.0,-12.3,-26.2,-19.25
2015-01-29,47.94186,-71.382225,2.3,-3.3,-24.8,-14.05
2015-01-30,47.94186,-71.382225,1.5,-5.1,-17.8,-11.45
2015-01-31,47.94186,-71.382225,0.7,-17.8,-33.1,-25.450000000000003
2015-02-01,47.94186,-71.382225,0.2,-23.9,-30.1,-27.0
2015-02-02,47.94186,-71.382225,0.0,-20.7,-38.5,-29.6
2015-02-03,47.94186,-71.382225,0.2,-16.6,-36.8,-26.7
2015-02-04,47.94186,-71.382225,2.8,-9.1,-25.3,-17.2
2015-02-05,47.94186,-71.382225,0.0,-18.8,-24.9,-21.85
2015-02-06,47.94186,-71.382225,1.1,-15.2,-36.5,-25.85
2015-02-07,47.94186,-71.382225,0.0,-16.9,-24.9,-20.9
2015-02-08,47.94186,-71.382225,0.0,-16.8,-36.2,-26.5
2015-02-09,47.94186,-71.382225,0.5,-11.6,-37.4,-24.5
2015-02-10,47.94186,-71.382225,0.0,-8.3,-19.3,-13.8
2015-02-11,47.94186,-71.382225,1.3,-10.4,-31.4,-20.9
2015-02-12,47.94186,-71.382225,0.6,-11.3,-18.5,-14.9
2015-02-13,47.94186,-71.382225,0.0,-21.6,-28.8,-25.200000000000003
2015-02-14,47.94186,-71.382225,0.2,-15.3,-35.5,-25.4
2015-02-15,47.94186,-71.382225,0.4,-21.7,-36.8,-29.25
2015-02-16,47.94186,-71.382225,0.0,-18.7,-29.1,-23.9
2015-02-17,47.94186,-71.382225,0.0,-10.2,-34.1,-22.15
2015-02-18,47.94186,-71.382225,0.8,-8.0,-26.6,-17.3
2015-02-19,47.94186,-71.382225,2.9,-8.9,-20.5,-14.7
2015-02-20,47.94186,-71.382225,0.5,-13.7,-18.2,-15.95
2015-02-21,47.94186,-71.382225,1.4,-12.2,-31.3,-21.75
2015-02-22,47.94186,-71.382225,1.5,-7.3,-15.1,-11.2
2015-02-23,47.94186,-71.382225,0.0,-25.4,-27.5,-26.45
2015-02-24,47.94186,-71.382225,0.0,-14.1,-35.2,-24.650000000000002
2015-02-25,47.94186,-71.382225,1.9,-7.5,-18.1,-12.8
2015-02-26,47.94186,-71.382225,0.0,-16.6,-32.4,-24.5
2015-02-27,47.94186,-71.382225,0.0,-13.8,-34.7,-24.25
2015-02-28,47.94186,-71.382225,0.0,-7.8,-22.4,-15.1
2015-03-01,47.94186,-71.382225,0.0,-4.5,-25.1,-14.8
2015-03-02,47.94186,-71.382225,2.0,-6.5,-15.0,-10.75
2015-03-03,47.94186,-71.382225,2.7,-7.1,-29.2,-18.15
2015-03-04,47.94186,-71.382225,1.8,-5.5,-12.2,-8.85
2015-03-05,47.94186,-71.382225,0.0,-15.8,-23.6,-19.700000000000003
2015-03-06,47.94186,-71.382225,0.8,-9.3,-31.9,-20.6
2015-03-07,47.94186,-71.382225,1.2,-6.8,-14.6,-10.7
2015-03-08,47.94186,-71.382225,0.4,-4.8,-13.6,-9.2
2015-03-09,47.94186,-71.382225,0.5,-3.9,-24.0,-13.95
2015-03-10,47.94186,-71.382225,3.5,2.4,-11.9,-4.75
2015-03-11,47.94186,-71.382225,3.7,0.8,-4.0,-1.6
2015-03-12,47.94186,-71.382225,0.2,-11.9,-18.4,-15.149999999999999
2015-03-13,47.94186,-71.382225,0.2,-6.5,-28.9,-17.7
2015-03-14,47.94186,-71.382225,9.2,1.3,-24.0,-11.35
2015-03-15,47.94186,-71.382225,0.0,-3.9,-9.5,-6.7
2015-03-16,47.94186,-71.382225,1.8,4.1,-22.7,-9.3
2015-03-17,47.94186,-71.382225,4.3,-2.8,-13.1,-7.949999999999999
2015-03-18,47.94186,-71.382225,0.0,-12.9,-19.6,-16.25
2015-03-19,47.94186,-71.382225,0.0,-8.4,-22.6,-15.5
2015-03-20,47.94186,-71.382225,0.2,1.3,-23.8,-11.25
2015-03-21,47.94186,-71.382225,6.8,1.2,-7.3,-3.05
2015-03-22,47.94186,-71.382225,1.3,-15.8,-23.9,-19.85
2015-03-23,47.94186,-71.382225,0.0,-8.5,-20.4,-14.45
2015-03-24,47.94186,-71.382225,0.0,0.6,-21.1,-10.25
2015-03-25,47.94186,-71.382225,1.6,5.6,-19.6,-7.000000000000001
2015-03-26,47.94186,-71.382225,0.4,3.0,-1.1,0.95
2015-03-27,47.94186,-71.382225,0.0,-3.9,-11.1,-7.5
2015-03-28,47.94186,-71.382225,0.0,-6.0,-22.9,-14.45
2015-03-29,47.94186,-71.382225,0.2,1.8,-25.7,-11.95
2015-03-30,47.94186,-71.382225,2.1,0.7,-5.4,-2.35
2015-03-31,47.94186,-71.382225,0.0,-4.8,-12.1,-8.45
2015-04-01,47.94186,-71.382225,0.0,-5.9,-28.2,-17.05
2015-04-02,47.94186,-71.382225,15.4,4.0,-19.8,-7.9
2015-04-03,47.94186,-71.382225,0.7,8.1,-2.0,3.05
2015-04-04,47.94186,-71.382225,1.1,-5.7,-12.5,-9.1
2015-04-05,47.94186,-71.382225,0.0,-7.8,-22.2,-15.0
2015-04-06,47.94186,-71.382225,0.5,-1.3,-25.6,-13.450000000000001
2015-04-07,47.94186,-71.382225,0.0,0.0,-19.2,-9.6
2015-04-08,47.94186,-71.382225,0.0,3.9,-21.3,-8.700000000000001
2015-04-09,47.94186,-71.382225,2.0,8.3,-13.0,-2.3499999999999996
2015-04-10,47.94186,-71.382225,7.5,6.1,0.2,3.15
2015-04-11,47.94186,-71.382225,1.6,3.3,-1.6,0.8499999999999999
2015-04-12,47.94186,-71.382225,0.0,12.8,-1.7,5.550000000000001
2015-04-13,47.94186,-71.382225,2.1,17.1,-2.9,7.1000000000000005
2015-04-14,47.94186,-71.382225,0.0,9.0,1.0,5.0
2015-04-15,47.94186,-71.382225,0.0,3.9,-5.4,-0.7500000000000002
2015-04-16,47.94186,-71.382225,0.0,11.5,-9.4,1.0499999999999998
2015-04-17,47.94186,-71.382225,0.0,13.4,0.5,6.95
2015-04-18,47.94186,-71.382225,2.4,6.8,-3.3,1.75
2015-04-19,47.94186,-71.382225,0.0,6.1,-4.9,0.5999999999999996
2015-04-20,47.94186,-71.382225,0.2,8.3,-5.8,1.2500000000000004
2015-04-21,47.94186,-71.382225,1.5,7.1,1.7,4.3999999999999995
2015-04-22,47.94186,-71.382225,5.0,10.0,-3.0,3.5
2015-04-23,47.94186,-71.382225,5.0,3.7,0.5,2.1
2015-04-24,47.94186,-71.382225,10.0,2.3,-1.2,0.5499999999999999
2015-04-25,47.94186,-71.382225,5.8,5.9,-0.6,2.6500000000000004
2015-04-26,47.94186,-71.382225,0.6,7.7,0.0,3.85
2015-04-27,47.94186,-71.382225,0.4,7.5,0.3,3.9
2015-04-28,47.94186,-71.382225,0.2,11.9,1.2,6.55
2015-04-29,47.94186,-71.382225,0.0,10.3,-2.0,4.15
2015-04-30,47.94186,-71.382225,0.2,12.4,-2.1,5.15
2015-05-01,47.94186,-71.382225,0.0,13.3,0.9,7.1000000000000005
2015-05-02,47.94186,-71.382225,0.0,15.9,-2.1,6.9
2015-05-03,47.94186,-71.382225,0.0,20.7,-2.8,8.95
2015-05-04,47.94186,-71.382225,14.0,22.9,1.3,12.1
2015-05-05,47.94186,-71.382225,1.9,10.7,2.2,6.449999999999999
2015-05-06,47.94186,-71.382225,0.0,11.5,-3.1,4.2
2015-05-07,47.94186,-71.382225,0.2,17.6,-1.8,7.9
2015-05-08,47.94186,-71.382225,4.1,20.0,3.7,11.85
2015-05-09,47.94186,-71.382225,6.2,16.7,7.4,12.05
2015-05-10,47.94186,-71.382225,1.0,11.4,5.3,8.35
2015-05-11,47.94186,-71.382225,2.9,14.3,-1.5,6.4
2015-05-12,47.94186,-71.382225,12.2,16.0,5.9,10.95
2015-05-13,47.94186,-71.382225,0.0,10.5,-0.2,5.15
2015-05-14,47.94186,-71.382225,0.0,16.4,-2.3,7.049999999999999
2015-05-15,47.94186,-71.382225,0.2,18.4,-1.2,8.6
2015-05-16,47.94186,-71.382225,1.2,18.7,6.3,12.5
2015-05-17,47.94186,-71.382225,0.0,18.6,8.4,13.5
2015-05-18,47.94186,-71.382225,4.5,23.0,5.4,14.2
2015-05-19,47.94186,-71.382225,12.4,22.8,12.2,17.5
2015-05-20,47.94186,-71.382225,1.4,8.4,0.9,4.65
2015-05-21,47.94186,-71.382225,11.5,11.3,1.2,6.25
2015-05-22,47.94186,-71.382225,3.1,5.8,-2.0,1.9
2015-05-23,47.94186,-71.382225,0.0,10.7,-3.4,3.6499999999999995
2015-05-24,47.94186,-71.382225,1.1,17.6,2.5,10.05
2015-05-25,47.94186,-71.382225,9.1,22.0,3.1,12.55
2015-05-26,47.94186,-71.382225,0.0,22.0,11.4,16.7
2015-05-27,47.94186,-71.382225,25.9,21.6,10.9,16.25
2015-05-28,47.94186,-71.382225,3.7,14.9,9.3,12.100000000000001
2015-05-29,47.94186,-71.382225,0.2,22.2,-0.7,10.75
2015-05-30,47.94186,-71.382225,14.5,21.8,8.4,15.100000000000001
2015-05-31,47.94186,-71.382225,0.0,11.6,0.5,6.05
2015-06-01,47.94186,-71.382225,0.0,17.6,-1.9,7.8500000000000005
2015-06-02,47.94186,-71.382225,6.8,8.1,3.7,5.9
2015-06-03,47.94186,-71.382225,0.0,14.0,0.6,7.3
2015-06-04,47.94186,-71.382225,0.0,20.3,4.6,12.45
2015-06-05,47.94186,-71.382225,3.4,16.7,7.3,12.0
2015-06-06,47.94186,-71.382225,0.0,13.4,-0.6,6.4
2015-06-07,47.94186,-71.382225,0.4,18.6,-0.7,8.950000000000001
2015-06-08,47.94186,-71.382225,8.8,15.0,8.3,11.65
2015-06-09,47.94186,-71.382225,9.9,17.0,12.5,14.75
2015-06-10,47.94186,-71.382225,0.0,20.1,11.0,15.55
2015-06-11,47.94186,-71.382225,7.2,19.0,13.3,16.15
2015-06-12,47.94186,-71.382225,0.0,21.7,10.2,15.95
2015-06-13,47.94186,-71.382225,0.0,21.2,6.8,14.0
2015-06-14,47.94186,-71.382225,0.0,21.0,1.4,11.2
2015-06-15,47.94186,-71.382225,0.5,25.0,4.3,14.65
2015-06-16,47.94186,-71.382225,14.2,17.7,12.2,14.95
2015-06-17,47.94186,-71.382225,0.0,19.8,-0.2,9.8
2015-06-18,47.94186,-71.382225,5.8,22.6,7.4,15.0
2015-06-19,47.94186,-71.382225,0.0,14.9,4.1,9.5
2015-06-20,47.94186,-71.382225,0.9,16.9,-0.4,8.25
2015-06-21,47.94186,-71.382225,0.0,21.0,8.3,14.65
2015-06-22,47.94186,-71.382225,0.4,22.1,9.7,15.9
2015-06-23,47.94186,-71.382225,13.1,17.2,10.3,13.75
2015-06-24,47.94186,-71.382225,0.2,18.5,8.8,13.65
2015-06-25,47.94186,-71.382225,0.0,17.9,3.4,10.649999999999999
2015-06-26,47.94186,-71.382225,3.9,15.5,1.3,8.4
2015-06-27,47.94186,-71.382225,0.0,23.4,2.8,13.1
2015-06-28,47.94186,-71.382225,19.9,20.5,5.3,12.9
2015-06-29,47.94186,-71.382225,0.4,17.3,8.2,12.75
2015-06-30,47.94186,-71.382225,2.5,24.1,7.3,15.700000000000001
2015-07-01,47.94186,-71.382225,18.7,15.7,10.4,13.05
2015-07-02,47.94186,-71.382225,8.5,13.5,9.6,11.55
2015-07-03,47.94186,-71.382225,0.0,21.2,7.7,14.45
2015-07-04,47.94186,-71.382225,3.8,21.7,9.6,15.649999999999999
2015-07-05,47.94186,-71.382225,0.0,21.0,10.8,15.9
2015-07-06,47.94186,-71.382225,0.0,25.9,7.2,16.55
2015-07-07,47.94186,-71.382225,20.9,25.2,11.4,18.3
2015-07-08,47.94186,-71.382225,0.0,18.4,8.7,13.549999999999999
2015-07-09,47.94186,-71.382225,0.0,24.9,4.7,14.799999999999999
2015-07-10,47.94186,-71.382225,0.0,23.4,7.8,15.6
2015-07-11,47.94186,-71.382225,26.8,23.2,7.7,15.45
2015-07-12,47.94186,-71.382225,0.0,19.9,9.8,14.85
2015-07-13,47.94186,-71.382225,0.0,26.3,5.7,16.0
2015-07-14,47.94186,-71.382225,9.0,26.3,14.4,20.35
2015-07-15,47.94186,-71.382225,0.0,12.0,6.9,9.45
2015-07-16,47.94186,-71.382225,0.0,18.5,1.5,10.0
2015-07-17,47.94186,-71.382225,5.0,24.1,3.1,13.600000000000001
2015-07-18,47.94186,-71.382225,8.2,18.1,12.0,15.05
2015-07-19,47.94186,-71.382225,37.2,21.6,14.2,17.9
2015-07-20,47.94186,-71.382225,1.5,24.2,12.8,18.5
2015-07-21,47.94186,-71.382225,4.2,21.3,14.0,17.65
2015-07-22,47.94186,-71.382225,6.0,15.4,10.5,12.95
2015-07-23,47.94186,-71.382225,2.5,15.9,10.9,13.4
2015-07-24,47.94186,-71.382225,0.2,17.5,11.0,14.25
2015-07-25,47.94186,-71.382225,18.8,19.4,6.7,13.049999999999999
2015-07-26,47.94186,-71.382225,0.3,22.5,12.5,17.5
2015-07-27,47.94186,-71.382225,0.0,26.3,12.2,19.25
2015-07-28,47.94186,-71.382225,0.0,24.8,9.5,17.15
2015-07-29,47.94186,-71.382225,19.6,27.6,8.3,17.950000000000003
2015-07-30,47.94186,-71.382225,5.4,24.9,14.9,19.9
2015-07-31,47.94186,-71.382225,6.4,20.0,13.9,16.95
2015-08-01,47.94186,-71.382225,5.0,19.0,12.0,15.5
2015-08-02,47.94186,-71.382225,5.4,20.9,7.4,14.149999999999999
2015-08-03,47.94186,-71.382225,7.1,20.4,14.5,17.45
2015-08-04,47.94186,-71.382225,3.7,21.8,9.7,15.75
2015-08-05,47.94186,-71.382225,14.9,16.6,9.7,13.15
2015-08-06,47.94186,-71.382225,1.2,16.0,9.9,12.95
2015-08-07,47.94186,-71.382225,0.0,16.8,9.5,13.15
2015-08-08,47.94186,-71.382225,7.8,22.8,7.1,14.95
2015-08-09,47.94186,-71.382225,0.0,21.8,8.2,15.0
2015-08-10,47.94186,-71.382225,29.4,22.9,6.5,14.7
2015-08-11,47.94186,-71.382225,18.5,16.5,11.1,13.8
2015-08-12,47.94186,-71.382225,19.2,19.4,12.5,15.95
2015-08-13,47.94186,-71.382225,0.0,18.5,13.0,15.75
2015-08-14,47.94186,-71.382225,0.0,20.6,8.7,14.65
2015-08-15,47.94186,-71.382225,0.0,25.6,12.2,18.9
2015-08-16,47.94186,-71.382225,0.0,26.7,11.8,19.25
2015-08-17,47.94186,-71.382225,13.4,28.3,16.4,22.35
2015-08-18,47.94186,-71.382225,0.0,26.0,14.5,20.25
2015-08-19,47.94186,-71.382225,0.0,28.0,15.0,21.5
2015-08-20,47.94186,-71.382225,2.3,26.9,15.2,21.049999999999997
2015-08-21,47.94186,-71.382225,1.8,23.2,16.3,19.75
2015-08-22,47.94186,-71.382225,0.0,22.4,12.6,17.5
2015-08-23,47.94186,-71.382225,0.0,25.6,7.7,16.650000000000002
2015-08-24,47.94186,-71.382225,2.3,25.5,11.3,18.4
2015-08-25,47.94186,-71.382225,13.2,23.7,15.5,19.6
2015-08-26,47.94186,-71.382225,9.8,20.5,11.5,16.0
2015-08-27,47.94186,-71.382225,1.2,17.2,10.7,13.95
2015-08-28,47.94186,-71.382225,0.0,19.3,6.0,12.65
2015-08-29,47.94186,-71.382225,0.5,20.0,7.9,13.95
2015-08-30,47.94186,-71.382225,0.0,20.9,14.1,17.5
2015-08-31,47.94186,-71.382225,0.0,21.9,15.1,18.5
2015-09-01,47.94186,-71.382225,0.0,23.1,8.0,15.55
2015-09-02,47.94186,-71.382225,13.0,21.9,14.9,18.4
2015-09-03,47.94186,-71.382225,0.0,17.9,9.8,13.85
2015-09-04,47.94186,-71.382225,0.0,21.0,1.9,11.45
2015-09-05,47.94186,-71.382225,0.0,24.8,6.4,15.600000000000001
2015-09-06,47.94186,-71.382225,2.1,26.4,7.2,16.8
2015-09-07,47.94186,-71.382225,3.3,22.8,19.2,21.0
2015-09-08,47.94186,-71.382225,7.7,20.5,14.7,17.6
2015-09-09,47.94186,-71.382225,0.9,21.1,13.5,17.3
2015-09-10,47.94186,-71.382225,0.0,19.4,9.5,14.45
2015-09-11,47.94186,-71.382225,0.3,19.6,6.2,12.9
2015-09-12,47.94186,-71.382225,6.9,15.5,10.6,13.05
2015-09-13,47.94186,-71.382225,12.2,14.8,8.1,11.45
2015-09-14,47.94186,-71.382225,11.8,14.9,11.3,13.100000000000001
2015-09-15,47.94186,-71.382225,0.0,21.5,7.9,14.7
2015-09-16,47.94186,-71.382225,0.0,24.6,9.9,17.25
2015-09-17,47.94186,-71.382225,0.0,22.8,14.0,18.4
2015-09-18,47.94186,-71.382225,0.0,24.9,11.3,18.1
2015-09-19,47.94186,-71.382225,8.0,23.6,12.7,18.15
2015-09-20,47.94186,-71.382225,0.0,12.6,5.1,8.85
2015-09-21,47.94186,-71.382225,0.0,18.5,0.1,9.3
2015-09-22,47.94186,-71.382225,0.0,19.7,3.1,11.4
2015-09-23,47.94186,-71.382225,0.0,16.5,4.3,10.4
2015-09-24,47.94186,-71.382225,0.0,11.5,-0.6,5.45
2015-09-25,47.94186,-71.382225,0.0,10.5,-2.4,4.05
2015-09-26,47.94186,-71.382225,0.0,14.0,-4.2,4.9
2015-09-27,47.94186,-71.382225,0.0,19.4,0.4,9.899999999999999
2015-09-28,47.94186,-71.382225,0.6,17.1,9.6,13.350000000000001
2015-09-29,47.94186,-71.382225,15.9,16.7,11.3,14.0
2015-09-30,47.94186,-71.382225,0.0,5.9,2.9,4.4
2015-10-01,47.94186,-71.382225,0.0,8.6,-3.4,2.5999999999999996
2015-10-02,47.94186,-71.382225,0.3,7.5,-4.3,1.6
2015-10-03,47.94186,-71.382225,0.0,8.3,-4.8,1.7500000000000004
2015-10-04,47.94186,-71.382225,0.0,12.7,-3.3,4.699999999999999
2015-10-05,47.94186,-71.382225,0.0,11.8,2.2,7.0
2015-10-06,47.94186,-71.382225,0.0,10.7,5.0,7.85
2015-10-07,47.94186,-71.382225,4.2,9.2,0.8,5.0
2015-10-08,47.94186,-71.382225,0.0,4.6,-0.7,1.9499999999999997
2015-10-09,47.94186,-71.382225,7.1,3.5,-3.8,-0.1499999999999999
2015-10-10,47.94186,-71.382225,20.4,2.5,-3.3,-0.3999999999999999
2015-10-11,47.94186,-71.382225,1.8,9.6,-0.6,4.5
2015-10-12,47.94186,-71.382225,0.0,15.9,4.2,10.05
2015-10-13,47.94186,-71.382225,3.2,17.1,7.5,12.3
2015-10-14,47.94186,-71.382225,1.1,3.9,0.4,2.15
2015-10-15,47.94186,-71.382225,11.0,4.2,-2.6,0.8
2015-10-16,47.94186,-71.382225,2.2,1.9,-1.1,0.3999999999999999
2015-10-17,47.94186,-71.382225,3.0,0.7,-3.5,-1.4
2015-10-18,47.94186,-71.382225,14.7,-1.5,-6.6,-4.05
2015-10-19,47.94186,-71.382225,0.4,3.3,-10.3,-3.5000000000000004
2015-10-20,47.94186,-71.382225,0.3,5.4,-1.9,1.7500000000000002
2015-10-21,47.94186,-71.382225,4.4,4.9,-7.3,-1.1999999999999997
2015-10-22,47.94186,-71.382225,4.0,7.1,-5.3,0.8999999999999999
2015-10-23,47.94186,-71.382225,0.0,-0.6,-1.8,-1.2
2015-10-24,47.94186,-71.382225,10.5,5.9,-6.0,-0.04999999999999982
2015-10-25,47.94186,-71.382225,3.2,5.7,0.0,2.85
2015-10-26,47.94186,-71.382225,0.0,-0.9,-4.6,-2.75
2015-10-27,47.94186,-71.382225,0.0,5.3,-3.1,1.0999999999999999
2015-10-28,47.94186,-71.382225,11.8,7.9,-7.2,0.3500000000000001
2015-10-29,47.94186,-71.382225,7.9,12.1,2.5,7.3
2015-10-30,47.94186,-71.382225,0.8,-0.5,-3.3,-1.9
2015-10-31,47.94186,-71.382225,3.9,2.2,-5.4,-1.6
2015-11-01,47.94186,-71.382225,11.7,4.3,-1.0,1.65
2015-11-02,47.94186,-71.382225,2.9,2.4,0.3,1.3499999999999999
2015-11-03,47.94186,-71.382225,3.5,3.7,-0.2,1.75
2015-11-04,47.94186,-71.382225,0.0,4.1,-0.5,1.7999999999999998
2015-11-05,47.94186,-71.382225,0.0,12.5,-0.8,5.85
2015-11-06,47.94186,-71.382225,5.7,14.8,4.8,9.8
2015-11-07,47.94186,-71.382225,1.4,1.5,-0.8,0.35
2015-11-08,47.94186,-71.382225,0.0,2.2,-5.2,-1.5
2015-11-09,47.94186,-71.382225,0.0,8.6,-2.3,3.15
2015-11-10,47.94186,-71.382225,0.0,8.7,-1.4,3.6499999999999995
2015-11-11,47.94186,-71.382225,0.7,7.3,-3.0,2.15
2015-11-12,47.94186,-71.382225,4.0,5.7,1.9,3.8
2015-11-13,47.94186,-71.382225,6.0,6.5,0.4,3.45
2015-11-14,47.94186,-71.382225,1.5,-2.2,-4.1,-3.15
2015-11-15,47.94186,-71.382225,2.8,-0.1,-5.4,-2.75
2015-11-16,47.94186,-71.382225,1.5,-2.8,-3.3,-3.05
2015-11-17,47.94186,-71.382225,0.0,-2.9,-4.7,-3.8
2015-11-18,47.94186,-71.382225,0.0,5.4,-11.2,-2.8999999999999995
2015-11-19,47.94186,-71.382225,2.9,7.3,1.4,4.35
2015-11-20,47.94186,-71.382225,0.7,3.5,-0.7,1.4
2015-11-21,47.94186,-71.382225,0.0,-0.2,-3.4,-1.8
2015-11-22,47.94186,-71.382225,0.7,2.3,-3.5,-0.6000000000000001
2015-11-23,47.94186,-71.382225,0.0,-7.1,-10.7,-8.899999999999999
2015-11-24,47.94186,-71.382225,0.0,-7.4,-10.9,-9.15
2015-11-25,47.94186,-71.382225,0.0,0.1,-17.9,-8.899999999999999
2015-11-26,47.94186,-71.382225,23.8,6.8,-5.4,0.6999999999999997
2015-11-27,47.94186,-71.382225,20.1,7.0,-3.8,1.6
2015-11-28,47.94186,-71.382225,0.2,-3.6,-9.8,-6.7
2015-11-29,47.94186,-71.382225,1.5,-7.5,-13.1,-10.3
2015-11-30,47.94186,-71.382225,0.2,-5.7,-20.0,-12.85
2015-12-01,47.94186,-71.382225,0.0,0.4,-8.4,-4.0
2015-12-02,47.94186,-71.382225,4.9,0.9,-4.1,-1.5999999999999999
2015-12-03,47.94186,-71.382225,0.0,-0.3,-3.6,-1.95
2015-12-04,47.94186,-71.382225,1.2,-1.8,-5.5,-3.65
2015-12-05,47.94186,-71.382225,0.0,1.2,-3.0,-0.9
2015-12-06,47.94186,-71.382225,0.6,4.1,-3.8,0.1499999999999999
2015-12-07,47.94186,-71.382225,0.0,0.0,-4.1,-2.05
2015-12-08,47.94186,-71.382225,0.0,-3.0,-6.2,-4.6
2015-12-09,47.94186,-71.382225,0.0,1.6,-7.6,-3.0
2015-12-10,47.94186,-71.382225,1.3,3.5,-1.2,1.15
2015-12-11,47.94186,-71.382225,3.3,6.3,0.4,3.35
2015-12-12,47.94186,-71.382225,2.3,2.2,-0.6,0.8
2015-12-13,47.94186,-71.382225,0.9,-1.7,-4.4,-3.0500000000000003
2015-12-14,47.94186,-71.382225,8.8,-0.2,-4.2,-2.2
2015-12-15,47.94186,-71.382225,3.8,-2.1,-4.9,-3.5
2015-12-16,47.94186,-71.382225,0.0,-2.2,-7.9,-5.050000000000001
2015-12-17,47.94186,-71.382225,7.5,1.0,-9.4,-4.2
2015-12-18,47.94186,-71.382225,2.3,0.6,-2.2,-0.8
2015-12-19,47.94186,-71.382225,0.8,-6.6,-10.5,-8.55
2015-12-20,47.94186,-71.382225,3.2,-5.5,-13.2,-9.35
2015-12-21,47.94186,-71.382225,7.8,-2.7,-10.5,-6.6
2015-12-22,47.94186,-71.382225,5.0,-0.6,-4.2,-2.4
2015-12-23,47.94186,-71.382225,3.5,4.6,-1.9,1.3499999999999999
2015-12-24,47.94186,-71.382225,0.0,10.4,0.2,5.3
2015-12-25,47.94186,-71.382225,0.5,0.4,-0.9,-0.25
2015-12-26,47.94186,-71.382225,6.3,-0.8,-4.3,-2.55
2015-12-27,47.94186,-71.382225,5.2,-9.0,-11.9,-10.45
2015-12-28,47.94186,-71.382225,0.0,-15.5,-18.5,-17.0
2015-12-29,47.94186,-71.382225,10.4,-11.2,-19.7,-15.45
2015-12-30,47.94186,-71.382225,5.5,-4.9,-14.3,-9.600000000000001
2015-12-31,47.94186,-71.382225,0.2,-6.4,-8.5,-7.45
2016-01-01,47.94186,-71.382225,2.5,-5.9,-13.5,-9.7
2016-01-02,47.94186,-71.382225,8.9,-5.0,-8.1,-6.55
2016-01-03,47.94186,-71.382225,1.2,-7.6,-17.4,-12.5
2016-01-04,47.94186,-71.382225,0.0,-19.6,-30.9,-25.25
2016-01-05,47.94186,-71.382225,0.0,-9.3,-25.2,-17.25
2016-01-06,47.94186,-71.382225,1.6,-4.3,-12.6,-8.45
2016-01-07,47.94186,-71.382225,0.0,-4.7,-6.5,-5.6
2016-01-08,47.94186,-71.382225,0.0,-0.6,-6.7,-3.65
2016-01-09,47.94186,-71.382225,0.8,0.5,-5.4,-2.45
2016-01-10,47.94186,-71.382225,12.9,2.1,-1.0,0.55
2016-01-11,47.94186,-71.382225,0.2,-9.5,-18.1,-13.8
2016-01-12,47.94186,-71.382225,0.4,-11.8,-22.5,-17.15
2016-01-13,47.94186,-71.382225,1.6,-11.0,-16.2,-13.6
2016-01-14,47.94186,-71.382225,0.0,-16.7,-22.9,-19.799999999999997
2016-01-15,47.94186,-71.382225,0.0,-9.1,-32.1,-20.6
2016-01-16,47.94186,-71.382225,1.9,-4.8,-22.1,-13.450000000000001
2016-01-17,47.94186,-71.382225,0.0,-10.3,-18.1,-14.200000000000001
2016-01-18,47.94186,-71.382225,2.2,-14.8,-26.3,-20.55
2016-01-19,47.94186,-71.382225,5.9,-10.8,-19.9,-15.35
2016-01-20,47.94186,-71.382225,0.0,-10.4,-12.1,-11.25
2016-01-21,47.94186,-71.382225,0.0,-12.6,-16.4,-14.5
2016-01-22,47.94186,-71.382225,0.0,-12.8,-17.6,-15.200000000000001
2016-01-23,47.94186,-71.382225,0.0,-10.7,-19.3,-15.0
2016-01-24,47.94186,-71.382225,0.0,-7.2,-24.3,-15.75
2016-01-25,47.94186,-71.382225,0.0,-4.0,-20.9,-12.45
2016-01-26,47.94186,-71.382225,0.6,-1.5,-12.2,-6.85
2016-01-27,47.94186,-71.382225,,-9.8,-15.8,-12.8
2016-01-28,47.94186,-71.382225,,-5.8,-16.2,-11.0
2016-01-29,47.94186,-71.382225,0.9,-0.8,-8.9,-4.8500000000000005
2016-01-30,47.94186,-71.382225,0.0,-2.4,-9.0,-5.7
2016-01-31,47.94186,-71.382225,6.1,2.2,-6.7,-2.25
2016-02-01,47.94186,-71.382225,7.2,1.6,-11.2,-4.8
2016-02-02,47.94186,-71.382225,2.5,-9.8,-17.9,-13.85
2016-02-03,47.94186,-71.382225,9.7,3.9,-15.8,-5.95
2016-02-04,47.94186,-71.382225,1.3,1.6,-7.1,-2.75
2016-02-05,47.94186,-71.382225,0.0,-10.4,-19.8,-15.100000000000001
2016-02-06,47.94186,-71.382225,2.4,-4.5,-22.5,-13.5
2016-02-07,47.94186,-71.382225,0.2,-14.4,-22.0,-18.2
2016-02-08,47.94186,-71.382225,0.0,-6.9,-25.5,-16.2
2016-02-09,47.94186,-71.382225,1.7,-7.6,-13.8,-10.7
2016-02-10,47.94186,-71.382225,0.2,-7.0,-17.1,-12.05
2016-02-11,47.94186,-71.382225,0.0,-16.2,-21.7,-18.95
2016-02-12,47.94186,-71.382225,2.4,-16.6,-31.9,-24.25
2016-02-13,47.94186,-71.382225,0.2,-18.2,-22.6,-20.4
2016-02-14,47.94186,-71.382225,0.0,-23.6,-34.2,-28.900000000000002
2016-02-15,47.94186,-71.382225,1.1,-6.8,-30.4,-18.599999999999998
2016-02-16,47.94186,-71.382225,22.1,1.8,-16.3,-7.25
2016-02-17,47.94186,-71.382225,1.2,-4.4,-9.2,-6.8
2016-02-18,47.94186,-71.382225,0.0,-8.1,-25.8,-16.95
2016-02-19,47.94186,-71.382225,0.0,-1.4,-19.4,-10.399999999999999
2016-02-20,47.94186,-71.382225,1.3,1.2,-6.4,-2.6
2016-02-21,47.94186,-71.382225,0.2,-4.0,-15.1,-9.55
2016-02-22,47.94186,-71.382225,0.0,-13.3,-30.3,-21.8
2016-02-23,47.94186,-71.382225,0.0,-6.3,-31.0,-18.65
2016-02-24,47.94186,-71.382225,21.2,-0.5,-16.6,-8.55
2016-02-25,47.94186,-71.382225,11.2,2.5,-4.2,-0.8500000000000001
2016-02-26,47.94186,-71.382225,0.0,-11.3,-15.8,-13.55
2016-02-27,47.94186,-71.382225,3.0,-3.4,-24.3,-13.85
2016-02-28,47.94186,-71.382225,9.9,-11.5,-23.2,-17.35
2016-02-29,47.94186,-71.382225,11.2,-4.9,-15.6,-10.25
2016-03-01,47.94186,-71.382225,9.1,-14.2,-22.1,-18.15
2016-03-02,47.94186,-71.382225,2.0,-10.7,-19.8,-15.25
2016-03-03,47.94186,-71.382225,0.0,-20.0,-27.5,-23.75
2016-03-04,47.94186,-71.382225,0.2,-9.8,-33.3,-21.549999999999997
2016-03-05,47.94186,-71.382225,0.0,-4.5,-25.3,-14.9
2016-03-06,47.94186,-71.382225,3.4,-4.3,-21.8,-13.05
2016-03-07,47.94186,-71.382225,1.5,-1.3,-14.1,-7.7
2016-03-08,47.94186,-71.382225,12.1,1.5,-11.7,-5.1
2016-03-09,47.94186,-71.382225,15.8,6.5,-8.2,-0.8499999999999996
2016-03-10,47.94186,-71.382225,0.0,-0.4,-6.3,-3.35
2016-03-11,47.94186,-71.382225,0.0,-0.4,-8.1,-4.25
2016-03-12,47.94186,-71.382225,1.6,5.0,-14.0,-4.5
2016-03-13,47.94186,-71.382225,0.0,-2.5,-7.8,-5.15
2016-03-14,47.94186,-71.382225,0.2,4.4,-17.0,-6.3
2016-03-15,47.94186,-71.382225,6.5,3.4,-2.0,0.7
2016-03-16,47.94186,-71.382225,5.8,6.0,-1.5,2.25
2016-03-17,47.94186,-71.382225,3.7,0.6,-6.5,-2.95
2016-03-18,47.94186,-71.382225,0.2,-4.3,-19.2,-11.75
2016-03-19,47.94186,-71.382225,0.0,-7.6,-17.3,-12.45
2016-03-20,47.94186,-71.382225,0.0,1.9,-26.5,-12.3
2016-03-21,47.94186,-71.382225,0.2,-0.4,-21.3,-10.85
2016-03-22,47.94186,-71.382225,0.0,-5.1,-14.3,-9.7
2016-03-23,47.94186,-71.382225,0.0,-8.4,-23.6,-16.0
2016-03-24,47.94186,-71.382225,14.2,-4.3,-25.8,-15.05
2016-03-25,47.94186,-71.382225,2.5,-4.0,-9.6,-6.8
2016-03-26,47.94186,-71.382225,0.0,3.8,-21.5,-8.85
2016-03-27,47.94186,-71.382225,0.2,10.6,-12.4,-0.9000000000000004
2016-03-28,47.94186,-71.382225,18.8,10.2,-3.9,3.1499999999999995
2016-03-29,47.94186,-71.382225,0.3,-1.7,-7.0,-4.35
2016-03-30,47.94186,-71.382225,0.0,4.2,-16.8,-6.300000000000001
2016-03-31,47.94186,-71.382225,20.8,10.2,-0.8,4.699999999999999
2016-04-01,47.94186,-71.382225,2.3,12.0,1.9,6.95
2016-04-02,47.94186,-71.382225,6.9,2.6,-5.8,-1.5999999999999999
2016-04-03,47.94186,-71.382225,0.9,-12.0,-17.0,-14.5
2016-04-04,47.94186,-71.382225,0.0,-10.6,-27.2,-18.9
2016-04-05,47.94186,-71.382225,0.0,-7.1,-26.1,-16.6
2016-04-06,47.94186,-71.382225,4.1,-0.1,-22.7,-11.4
2016-04-07,47.94186,-71.382225,7.6,4.1,-6.7,-1.3000000000000003
2016-04-08,47.94186,-71.382225,4.2,2.9,-2.7,0.09999999999999987
2016-04-09,47.94186,-71.382225,0.2,-7.1,-12.1,-9.6
2016-04-10,47.94186,-71.382225,0.0,-4.4,-19.5,-11.95
2016-04-11,47.94186,-71.382225,6.2,3.9,-18.8,-7.45
2016-04-12,47.94186,-71.382225,3.3,4.8,-0.4,2.1999999999999997
2016-04-13,47.94186,-71.382225,0.0,2.5,-7.3,-2.4
2016-04-14,47.94186,-71.382225,0.0,6.7,-14.2,-3.7499999999999996
2016-04-15,47.94186,-71.382225,0.0,10.1,-9.9,0.09999999999999964
2016-04-16,47.94186,-71.382225,0.0,14.2,-6.0,4.1
2016-04-17,47.94186,-71.382225,0.0,17.2,-3.3,6.949999999999999
2016-04-18,47.94186,-71.382225,0.0,10.1,-2.1,4.0
2016-04-19,47.94186,-71.382225,0.0,6.7,-6.2,0.25
2016-04-20,47.94186,-71.382225,0.0,10.6,-5.8,2.4
2016-04-21,47.94186,-71.382225,0.0,16.1,-4.8,5.65
2016-04-22,47.94186,-71.382225,12.0,8.8,-0.4,4.2
2016-04-23,47.94186,-71.382225,0.0,2.2,-5.3,-1.5499999999999998
2016-04-24,47.94186,-71.382225,0.0,3.9,-12.0,-4.05
2016-04-25,47.94186,-71.382225,0.0,0.9,-8.2,-3.6499999999999995
2016-04-26,47.94186,-71.382225,0.0,2.9,-15.3,-6.2
2016-04-27,47.94186,-71.382225,1.2,-3.8,-11.0,-7.4
2016-04-28,47.94186,-71.382225,0.0,-0.9,-12.0,-6.45
2016-04-29,47.94186,-71.382225,0.0,4.7,-17.0,-6.15
2016-04-30,47.94186,-71.382225,0.0,9.0,-11.2,-1.0999999999999996
2016-05-01,47.94186,-71.382225,0.0,13.9,-6.6,3.6500000000000004
2016-05-02,47.94186,-71.382225,0.0,10.1,-0.5,4.8
2016-05-03,47.94186,-71.382225,0.0,11.0,-2.8,4.1
2016-05-04,47.94186,-71.382225,0.0,14.5,-2.5,6.0
2016-05-05,47.94186,-71.382225,0.0,13.2,-3.7,4.75
2016-05-06,47.94186,-71.382225,0.0,18.4,-4.1,7.1499999999999995
2016-05-07,47.94186,-71.382225,9.5,16.9,-1.6,7.6499999999999995
2016-05-08,47.94186,-71.382225,14.4,1.0,-3.6,-1.3
2016-05-09,47.94186,-71.382225,8.0,1.5,-4.0,-1.25
2016-05-10,47.94186,-71.382225,0.0,9.1,-1.1,4.0
2016-05-11,47.94186,-71.382225,0.0,12.6,-4.5,4.05
2016-05-12,47.94186,-71.382225,0.0,20.2,-1.7,9.25
2016-05-13,47.94186,-71.382225,1.0,22.9,-0.7,11.1
2016-05-14,47.94186,-71.382225,5.2,17.3,3.4,10.35
2016-05-15,47.94186,-71.382225,10.8,7.0,0.5,3.75
2016-05-16,47.94186,-71.382225,2.6,1.2,-3.2,-1.0
2016-05-17,47.94186,-71.382225,1.0,3.8,-0.2,1.7999999999999998
2016-05-18,47.94186,-71.382225,0.0,13.6,1.4,7.5
2016-05-19,47.94186,-71.382225,0.0,15.8,-0.8,7.5
2016-05-20,47.94186,-71.382225,0.0,21.1,-1.1,10.0
2016-05-21,47.94186,-71.382225,0.0,21.8,3.1,12.450000000000001
2016-05-22,47.94186,-71.382225,0.0,19.6,0.1,9.850000000000001
2016-05-23,47.94186,-71.382225,0.0,24.0,-1.0,11.5
2016-05-24,47.94186,-71.382225,0.0,27.9,1.8,14.85
2016-05-25,47.94186,-71.382225,3.4,20.7,3.2,11.95
2016-05-26,47.94186,-71.382225,2.8,19.7,5.4,12.55
2016-05-27,47.94186,-71.382225,1.7,19.7,8.4,14.05
2016-05-28,47.94186,-71.382225,7.4,20.3,8.8,14.55
2016-05-29,47.94186,-71.382225,37.2,18.1,8.9,13.5
2016-05-30,47.94186,-71.382225,20.1,21.8,12.8,17.3
2016-05-31,47.94186,-71.382225,3.2,15.6,9.0,12.3
2016-06-01,47.94186,-71.382225,0.0,19.9,1.4,10.649999999999999
2016-06-02,47.94186,-71.382225,8.4,20.3,5.0,12.65
2016-06-03,47.94186,-71.382225,0.2,20.7,12.1,16.4
2016-06-04,47.94186,-71.382225,0.0,17.3,9.5,13.4
2016-06-05,47.94186,-71.382225,6.6,17.5,2.9,10.2
2016-06-06,47.94186,-71.382225,9.1,18.0,11.0,14.5
2016-06-07,47.94186,-71.382225,13.0,17.1,8.8,12.950000000000001
2016-06-08,47.94186,-71.382225,4.9,9.7,5.8,7.75
2016-06-09,47.94186,-71.382225,12.7,6.6,2.4,4.5
2016-06-10,47.94186,-71.382225,0.0,14.2,3.8,9.0
2016-06-11,47.94186,-71.382225,21.1,15.6,2.7,9.15
2016-06-12,47.94186,-71.382225,7.7,11.0,6.3,8.65
2016-06-13,47.94186,-71.382225,13.4,13.7,7.6,10.649999999999999
2016-06-14,47.94186,-71.382225,1.0,20.1,5.3,12.700000000000001
2016-06-15,47.94186,-71.382225,0.0,19.8,3.4,11.6
2016-06-16,47.94186,-71.382225,0.0,20.8,1.8,11.3
2016-06-17,47.94186,-71.382225,0.2,23.2,2.9,13.049999999999999
2016-06-18,47.94186,-71.382225,0.0,26.3,4.2,15.25
2016-06-19,47.94186,-71.382225,0.6,29.2,12.0,20.6
2016-06-20,47.94186,-71.382225,3.2,28.1,15.9,22.0
2016-06-21,47.94186,-71.382225,1.3,16.7,11.0,13.85
2016-06-22,47.94186,-71.382225,1.1,17.7,1.9,9.799999999999999
2016-06-23,47.94186,-71.382225,2.3,15.5,4.3,9.9
2016-06-24,47.94186,-71.382225,0.0,21.7,-0.5,10.6
2016-06-25,47.94186,-71.382225,9.4,26.7,8.3,17.5
2016-06-26,47.94186,-71.382225,0.0,27.4,11.4,19.4
2016-06-27,47.94186,-71.382225,32.7,21.7,17.7,19.7
2016-06-28,47.94186,-71.382225,6.6,21.5,14.2,17.85
2016-06-29,47.94186,-71.382225,27.0,16.8,12.1,14.45
2016-06-30,47.94186,-71.382225,0.0,23.2,12.2,17.7
2016-07-01,47.94186,-71.382225,9.1,25.2,7.9,16.55
2016-07-02,47.94186,-71.382225,6.6,14.2,9.9,12.05
2016-07-03,47.94186,-71.382225,0.0,19.1,7.7,13.4
2016-07-04,47.94186,-71.382225,6.4,23.6,7.4,15.5
2016-07-05,47.94186,-71.382225,13.4,20.7,11.5,16.1
2016-07-06,47.94186,-71.382225,0.0,20.2,12.4,16.3
2016-07-07,47.94186,-71.382225,10.8,17.2,12.0,14.6
2016-07-08,47.94186,-71.382225,0.0,19.0,9.1,14.05
2016-07-09,47.94186,-71.382225,10.6,14.8,10.2,12.5
2016-07-10,47.94186,-71.382225,0.6,17.6,10.2,13.9
2016-07-11,47.94186,-71.382225,0.0,25.1,5.7,15.4
2016-07-12,47.94186,-71.382225,0.2,26.1,9.2,17.65
2016-07-13,47.94186,-71.382225,1.5,28.2,12.6,20.4
2016-07-14,47.94186,-71.382225,23.6,25.0,17.0,21.0
2016-07-15,47.94186,-71.382225,1.3,19.9,14.1,17.0
2016-07-16,47.94186,-71.382225,0.0,21.2,5.8,13.5
2016-07-17,47.94186,-71.382225,0.4,23.3,6.8,15.05
2016-07-18,47.94186,-71.382225,11.7,19.5,11.7,15.6
2016-07-19,47.94186,-71.382225,2.3,16.4,6.4,11.399999999999999
2016-07-20,47.94186,-71.382225,0.2,22.0,7.0,14.5
2016-07-21,47.94186,-71.382225,26.5,24.3,10.0,17.15
2016-07-22,47.94186,-71.382225,35.3,21.0,16.8,18.9
2016-07-23,47.94186,-71.382225,0.0,20.3,13.6,16.95
2016-07-24,47.94186,-71.382225,0.0,22.0,11.7,16.85
2016-07-25,47.94186,-71.382225,26.7,19.8,10.0,14.9
2016-07-26,47.94186,-71.382225,2.2,22.3,13.1,17.7
2016-07-27,47.94186,-71.382225,16.0,24.7,11.7,18.2
2016-07-28,47.94186,-71.382225,0.0,22.0,12.5,17.25
2016-07-29,47.94186,-71.382225,0.0,17.5,12.1,14.8
2016-07-30,47.94186,-71.382225,0.0,19.3,10.9,15.100000000000001
2016-07-31,47.94186,-71.382225,0.0,22.2,6.5,14.35
2016-08-01,47.94186,-71.382225,0.0,23.2,5.3,14.25
2016-08-02,47.94186,-71.382225,0.2,26.1,6.8,16.45
2016-08-03,47.94186,-71.382225,18.0,26.2,9.4,17.8
2016-08-04,47.94186,-71.382225,0.0,26.2,11.9,19.05
2016-08-05,47.94186,-71.382225,14.7,27.4,15.6,21.5
2016-08-06,47.94186,-71.382225,5.9,18.7,14.4,16.55
2016-08-07,47.94186,-71.382225,18.7,16.5,9.9,13.2
2016-08-08,47.94186,-71.382225,0.0,16.5,8.0,12.25
2016-08-09,47.94186,-71.382225,0.0,22.3,3.3,12.8
2016-08-10,47.94186,-71.382225,3.2,26.6,9.5,18.05
2016-08-11,47.94186,-71.382225,0.4,22.2,9.5,15.85
2016-08-12,47.94186,-71.382225,0.0,19.1,10.9,15.0
2016-08-13,47.94186,-71.382225,1.5,23.0,3.9,13.45
2016-08-14,47.94186,-71.382225,4.8,16.7,11.6,14.149999999999999
2016-08-15,47.94186,-71.382225,0.0,21.3,11.8,16.55
2016-08-16,47.94186,-71.382225,27.6,23.1,12.2,17.65
2016-08-17,47.94186,-71.382225,6.0,23.0,14.2,18.6
2016-08-18,47.94186,-71.382225,0.0,20.6,14.2,17.4
2016-08-19,47.94186,-71.382225,0.0,22.2,5.6,13.899999999999999
2016-08-20,47.94186,-71.382225,0.0,26.3,10.1,18.2
2016-08-21,47.94186,-71.382225,4.3,22.8,17.7,20.25
2016-08-22,47.94186,-71.382225,0.8,14.4,10.0,12.2
2016-08-23,47.94186,-71.382225,0.9,17.8,6.9,12.350000000000001
2016-08-24,47.94186,-71.382225,0.9,24.0,14.1,19.05
2016-08-25,47.94186,-71.382225,1.3,20.8,16.8,18.8
2016-08-26,47.94186,-71.382225,1.1,22.8,13.8,18.3
2016-08-27,47.94186,-71.382225,0.0,20.8,10.6,15.7
2016-08-28,47.94186,-71.382225,6.4,19.0,9.3,14.15
2016-08-29,47.94186,-71.382225,1.9,18.5,12.1,15.3
2016-08-30,47.94186,-71.382225,1.4,20.8,7.7,14.25
2016-08-31,47.94186,-71.382225,0.2,20.9,13.6,17.25
2016-09-01,47.94186,-71.382225,1.3,17.0,7.6,12.3
2016-09-02,47.94186,-71.382225,0.2,16.4,7.5,11.95
2016-09-03,47.94186,-71.382225,0.0,18.4,2.9,10.649999999999999
2016-09-04,47.94186,-71.382225,0.0,22.2,5.7,13.95
2016-09-05,47.94186,-71.382225,0.0,24.3,6.2,15.25
2016-09-06,47.94186,-71.382225,0.0,25.8,7.3,16.55
2016-09-07,47.94186,-71.382225,10.9,23.3,12.1,17.7
2016-09-08,47.94186,-71.382225,10.3,18.0,14.6,16.3
2016-09-09,47.94186,-71.382225,0.0,18.4,13.0,15.7
2016-09-10,47.94186,-71.382225,1.2,22.5,6.7,14.6
2016-09-11,47.94186,-71.382225,0.6,19.8,7.9,13.850000000000001
2016-09-12,47.94186,-71.382225,0.0,18.7,5.4,12.05
2016-09-13,47.94186,-71.382225,19.5,21.5,10.1,15.8
2016-09-14,47.94186,-71.382225,2.0,10.7,8.1,9.399999999999999
2016-09-15,47.94186,-71.382225,0.2,12.6,1.8,7.2
2016-09-16,47.94186,-71.382225,0.0,16.0,-0.1,7.95
2016-09-17,47.94186,-71.382225,21.0,17.3,4.6,10.95
2016-09-18,47.94186,-71.382225,4.7,19.3,13.5,16.4
2016-09-19,47.94186,-71.382225,3.2,20.7,11.3,16.0
2016-09-20,47.94186,-71.382225,0.7,18.8,13.1,15.95
2016-09-21,47.94186,-71.382225,0.0,18.8,5.9,12.350000000000001
2016-09-22,47.94186,-71.382225,8.9,12.6,5.3,8.95
2016-09-23,47.94186,-71.382225,0.8,11.5,4.5,8.0
2016-09-24,47.94186,-71.382225,3.4,6.9,-0.2,3.35
2016-09-25,47.94186,-71.382225,0.2,8.9,2.7,5.800000000000001
2016-09-26,47.94186,-71.382225,2.4,13.3,-1.4,5.95
2016-09-27,47.94186,-71.382225,3.3,10.0,1.9,5.95
2016-09-28,47.94186,-71.382225,0.0,12.5,5.6,9.05
2016-09-29,47.94186,-71.382225,0.0,14.2,-1.6,6.3
2016-09-30,47.94186,-71.382225,0.0,17.2,-1.8,7.699999999999999
2016-10-01,47.94186,-71.382225,0.0,19.9,0.7,10.299999999999999
2016-10-02,47.94186,-71.382225,0.0,18.3,3.3,10.8
2016-10-03,47.94186,-71.382225,0.0,14.3,3.2,8.75
2016-10-04,47.94186,-71.382225,0.0,15.2,-1.7,6.75
2016-10-05,47.94186,-71.382225,0.0,17.4,-0.7,8.35
2016-10-06,47.94186,-71.382225,0.0,19.1,1.1,10.100000000000001
2016-10-07,47.94186,-71.382225,0.0,22.8,5.5,14.15
2016-10-08,47.94186,-71.382225,5.8,16.3,6.5,11.4
2016-10-09,47.94186,-71.382225,0.8,6.1,1.2,3.65
2016-10-10,47.94186,-71.382225,0.0,4.4,-1.2,1.6
2016-10-11,47.94186,-71.382225,0.0,15.0,-2.8,6.1
2016-10-12,47.94186,-71.382225,0.0,16.9,0.4,8.649999999999999
2016-10-13,47.94186,-71.382225,9.1,13.7,1.8,7.75
2016-10-14,47.94186,-71.382225,0.0,2.6,-2.5,0.050000000000000044
2016-10-15,47.94186,-71.382225,0.0,9.8,-2.0,3.9000000000000004
2016-10-16,47.94186,-71.382225,4.1,11.2,6.3,8.75
2016-10-17,47.94186,-71.382225,0.0,4.5,0.8,2.65
2016-10-18,47.94186,-71.382225,9.2,14.4,-1.2,6.6000000000000005
2016-10-19,47.94186,-71.382225,0.0,8.0,4.8,6.4
2016-10-20,47.94186,-71.382225,9.6,11.9,1.2,6.55
2016-10-21,47.94186,-71.382225,20.6,5.8,4.4,5.1
2016-10-22,47.94186,-71.382225,32.2,6.9,4.1,5.5
2016-10-23,47.94186,-71.382225,13.4,0.7,-0.5,0.09999999999999998
2016-10-24,47.94186,-71.382225,9.3,0.0,-2.0,-1.0
2016-10-25,47.94186,-71.382225,5.0,1.4,-2.0,-0.30000000000000004
2016-10-26,47.94186,-71.382225,2.3,1.7,-3.3,-0.7999999999999999
2016-10-27,47.94186,-71.382225,0.2,1.5,-5.9,-2.2
2016-10-28,47.94186,-71.382225,0.0,2.0,-2.2,-0.10000000000000009
2016-10-29,47.94186,-71.382225,8.8,2.2,0.0,1.1
2016-10-30,47.94186,-71.382225,3.1,1.4,-0.5,0.44999999999999996
2016-10-31,47.94186,-71.382225,0.0,-1.6,-4.4,-3.0
2016-11-01,47.94186,-71.382225,13.8,2.5,-3.6,-0.55
2016-11-02,47.94186,-71.382225,0.7,5.0,0.6,2.8
2016-11-03,47.94186,-71.382225,1.2,3.8,0.7,2.25
2016-11-04,47.94186,-71.382225,2.2,-1.3,-4.5,-2.9
2016-11-05,47.94186,-71.382225,4.3,0.9,-5.9,-2.5
2016-11-06,47.94186,-71.382225,0.9,2.6,-3.7,-0.55
2016-11-07,47.94186,-71.382225,0.0,5.6,-7.3,-0.8500000000000001
2016-11-08,47.94186,-71.382225,2.3,11.8,-2.6,4.6000000000000005
2016-11-09,47.94186,-71.382225,0.3,-0.4,-2.1,-1.25
2016-11-10,47.94186,-71.382225,13.1,3.0,-4.8,-0.8999999999999999
2016-11-11,47.94186,-71.382225,5.6,-1.1,-5.4,-3.25
2016-11-12,47.94186,-71.382225,0.8,0.8,-6.8,-3.0
2016-11-13,47.94186,-71.382225,0.0,5.3,-1.8,1.75
2016-11-14,47.94186,-71.382225,0.0,3.8,-2.1,0.8499999999999999
2016-11-15,47.94186,-71.382225,6.3,5.4,-1.3,2.0500000000000003
2016-11-16,47.94186,-71.382225,8.6,5.5,-2.0,1.75
2016-11-17,47.94186,-71.382225,0.4,3.0,0.9,1.95
2016-11-18,47.94186,-71.382225,0.0,8.9,-0.6,4.15
2016-11-19,47.94186,-71.382225,0.7,15.0,-1.6,6.7
2016-11-20,47.94186,-71.382225,3.0,5.7,2.3,4.0
2016-11-21,47.94186,-71.382225,2.2,2.4,-1.4,0.5
2016-11-22,47.94186,-71.382225,7.1,-1.6,-4.2,-2.9000000000000004
2016-11-23,47.94186,-71.382225,0.5,-3.1,-5.0,-4.05
2016-11-24,47.94186,-71.382225,0.4,-2.8,-6.6,-4.699999999999999
2016-11-25,47.94186,-71.382225,1.9,-2.4,-5.6,-4.0
2016-11-26,47.94186,-71.382225,1.9,1.2,-3.9,-1.35
2016-11-27,47.94186,-71.382225,1.6,0.8,-2.9,-1.0499999999999998
2016-11-28,47.94186,-71.382225,0.0,-1.6,-4.3,-2.95
2016-11-29,47.94186,-71.382225,5.6,-1.6,-8.9,-5.25
2016-11-30,47.94186,-71.382225,3.7,3.3,-3.3,0.0
2016-12-01,47.94186,-71.382225,7.7,-0.6,-2.2,-1.4000000000000001
2016-12-02,47.94186,-71.382225,5.1,0.2,-2.5,-1.15
2016-12-03,47.94186,-71.382225,1.2,-3.8,-6.0,-4.9
2016-12-04,47.94186,-71.382225,0.0,-7.5,-14.6,-11.05
2016-12-05,47.94186,-71.382225,0.4,-5.2,-18.6,-11.9
2016-12-06,47.94186,-71.382225,0.0,-7.4,-10.6,-9.0
2016-12-07,47.94186,-71.382225,0.6,-1.6,-12.2,-6.8999999999999995
2016-12-08,47.94186,-71.382225,7.6,-2.5,-5.6,-4.05
2016-12-09,47.94186,-71.382225,0.0,-11.0,-15.5,-13.25
2016-12-10,47.94186,-71.382225,0.0,-12.6,-16.5,-14.55
2016-12-11,47.94186,-71.382225,0.9,-11.6,-21.3,-16.45
2016-12-12,47.94186,-71.382225,3.3,-10.6,-23.0,-16.8
2016-12-13,47.94186,-71.382225,3.9,-4.9,-18.1,-11.5
2016-12-14,47.94186,-71.382225,0.0,-11.1,-15.9,-13.5
2016-12-15,47.94186,-71.382225,0.2,-17.4,-26.2,-21.799999999999997
2016-12-16,47.94186,-71.382225,0.0,-18.4,-30.3,-24.35
2016-12-17,47.94186,-71.382225,2.7,-9.6,-28.1,-18.85
2016-12-18,47.94186,-71.382225,5.5,-9.1,-13.5,-11.3
2016-12-19,47.94186,-71.382225,0.0,-11.4,-31.0,-21.2
2016-12-20,47.94186,-71.382225,1.0,-6.3,-20.5,-13.4
2016-12-21,47.94186,-71.382225,1.5,-4.3,-8.9,-6.6
2016-12-22,47.94186,-71.382225,2.1,-2.6,-9.9,-6.25
2016-12-23,47.94186,-71.382225,2.6,-1.2,-6.4,-3.8000000000000003
2016-12-24,47.94186,-71.382225,2.0,-0.1,-2.7,-1.4000000000000001
2016-12-25,47.94186,-71.382225,0.0,-12.3,-18.7,-15.5
2016-12-26,47.94186,-71.382225,13.2,1.4,-25.5,-12.05
2016-12-27,47.94186,-71.382225,4.7,0.3,-9.4,-4.55
2016-12-28,47.94186,-71.382225,0.0,-11.1,-14.1,-12.6
2016-12-29,47.94186,-71.382225,2.6,-6.4,-19.0,-12.7
2016-12-30,47.94186,-71.382225,3.8,-5.4,-12.3,-8.850000000000001
2016-12-31,47.94186,-71.382225,3.4,-8.6,-22.9,-15.75
2017-01-01,47.94186,-71.382225,0.8,-6.2,-14.4,-10.3
2017-01-02,47.94186,-71.382225,0.0,-5.2,-18.5,-11.85
2017-01-03,47.94186,-71.382225,7.0,-5.5,-13.2,-9.35
2017-01-04,47.94186,-71.382225,2.1,-3.3,-7.9,-5.6
2017-01-05,47.94186,-71.382225,0.5,-15.0,-19.1,-17.05
2017-01-06,47.94186,-71.382225,0.0,-15.3,-21.8,-18.55
2017-01-07,47.94186,-71.382225,0.0,-15.7,-30.5,-23.1
2017-01-08,47.94186,-71.382225,0.0,-19.5,-32.7,-26.1
2017-01-09,47.94186,-71.382225,0.5,-12.9,-32.6,-22.75
2017-01-10,47.94186,-71.382225,3.6,0.4,-15.5,-7.55
2017-01-11,47.94186,-71.382225,7.4,2.5,-8.6,-3.05
2017-01-12,47.94186,-71.382225,9.0,0.6,-8.1,-3.75
2017-01-13,47.94186,-71.382225,0.0,-12.5,-20.3,-16.4
2017-01-14,47.94186,-71.382225,1.2,-14.8,-29.5,-22.15
2017-01-15,47.94186,-71.382225,0.0,-8.8,-24.2,-16.5
2017-01-16,47.94186,-71.382225,1.5,-4.9,-24.3,-14.600000000000001
2017-01-17,47.94186,-71.382225,0.0,-5.7,-18.4,-12.049999999999999
2017-01-18,47.94186,-71.382225,2.0,-2.5,-17.7,-10.1
2017-01-19,47.94186,-71.382225,2.0,-2.1,-4.3,-3.2
2017-01-20,47.94186,-71.382225,0.0,0.5,-4.6,-2.05
2017-01-21,47.94186,-71.382225,0.0,-2.7,-4.7,-3.7
2017-01-22,47.94186,-71.382225,0.0,-2.7,-6.2,-4.45
2017-01-23,47.94186,-71.382225,0.0,-0.2,-23.9,-12.049999999999999
2017-01-24,47.94186,-71.382225,8.9,-2.7,-17.2,-9.95
2017-01-25,47.94186,-71.382225,7.7,-0.4,-5.1,-2.75
2017-01-26,47.94186,-71.382225,3.9,-2.6,-6.5,-4.55
2017-01-27,47.94186,-71.382225,2.9,-9.0,-10.3,-9.65
2017-01-28,47.94186,-71.382225,0.0,-7.0,-11.6,-9.3
2017-01-29,47.94186,-71.382225,0.2,-7.2,-12.5,-9.85
2017-01-30,47.94186,-71.382225,0.0,-10.1,-14.9,-12.5
2017-01-31,47.94186,-71.382225,0.0,-8.5,-18.6,-13.55
2017-02-01,47.94186,-71.382225,0.9,-7.1,-26.4,-16.75
2017-02-02,47.94186,-71.382225,0.2,-12.8,-19.2,-16.0
2017-02-03,47.94186,-71.382225,0.2,-16.2,-29.0,-22.6
2017-02-04,47.94186,-71.382225,0.4,-12.4,-26.0,-19.2
2017-02-05,47.94186,-71.382225,5.3,-7.0,-22.3,-14.65
2017-02-06,47.94186,-71.382225,0.0,-16.6,-21.2,-18.9
2017-02-07,47.94186,-71.382225,6.3,-9.0,-34.4,-21.7
2017-02-08,47.94186,-71.382225,1.3,-3.8,-15.7,-9.75
2017-02-09,47.94186,-71.382225,0.0,-16.8,-28.4,-22.6
2017-02-10,47.94186,-71.382225,0.0,-17.6,-34.4,-26.0
2017-02-11,47.94186,-71.382225,0.4,-8.7,-31.0,-19.85
2017-02-12,47.94186,-71.382225,2.1,-4.0,-28.2,-16.1
2017-02-13,47.94186,-71.382225,0.2,-5.8,-13.0,-9.4
2017-02-14,47.94186,-71.382225,0.0,-4.7,-15.4,-10.05
2017-02-15,47.94186,-71.382225,0.4,-4.8,-20.2,-12.5
2017-02-16,47.94186,-71.382225,0.4,-7.4,-9.8,-8.600000000000001
2017-02-17,47.94186,-71.382225,0.2,-5.9,-13.7,-9.8
2017-02-18,47.94186,-71.382225,3.1,0.7,-22.8,-11.05
2017-02-19,47.94186,-71.382225,0.6,-2.9,-5.2,-4.05
2017-02-20,47.94186,-71.382225,0.0,-3.9,-12.7,-8.299999999999999
2017-02-21,47.94186,-71.382225,0.0,1.0,-22.4,-10.7
2017-02-22,47.94186,-71.382225,7.0,5.8,-1.9,1.95
2017-02-23,47.94186,-71.382225,12.6,6.7,-2.3,2.2
2017-02-24,47.94186,-71.382225,1.5,-1.0,-5.9,-3.45
2017-02-25,47.94186,-71.382225,6.5,8.2,-6.1,1.0499999999999998
2017-02-26,47.94186,-71.382225,1.8,-4.4,-10.8,-7.6000000000000005
2017-02-27,47.94186,-71.382225,0.8,-1.7,-14.2,-7.949999999999999
2017-02-28,47.94186,-71.382225,6.5,1.0,-21.6,-10.3
2017-03-01,47.94186,-71.382225,25.0,1.0,-2.0,-0.5
2017-03-02,47.94186,-71.382225,2.8,-7.1,-14.5,-10.8
2017-03-03,47.94186,-71.382225,0.0,-14.0,-24.9,-19.45
2017-03-04,47.94186,-71.382225,0.0,-18.2,-27.0,-22.6
2017-03-05,47.94186,-71.382225,0.7,-10.3,-28.1,-19.200000000000003
2017-03-06,47.94186,-71.382225,1.6,0.5,-30.4,-14.95
2017-03-07,47.94186,-71.382225,6.1,2.0,-6.9,-2.45
2017-03-08,47.94186,-71.382225,3.6,3.8,0.2,2.0
2017-03-09,47.94186,-71.382225,2.4,-6.2,-12.3,-9.25
2017-03-10,47.94186,-71.382225,0.2,-13.4,-29.1,-21.25
2017-03-11,47.94186,-71.382225,0.0,-20.7,-30.5,-25.6
2017-03-12,47.94186,-71.382225,0.0,-15.1,-24.0,-19.55
2017-03-13,47.94186,-71.382225,0.0,-9.8,-22.2,-16.0
2017-03-14,47.94186,-71.382225,11.7,-8.2,-24.6,-16.4
2017-03-15,47.94186,-71.382225,7.1,-5.4,-12.3,-8.850000000000001
2017-03-16,47.94186,-71.382225,0.0,-9.4,-15.1,-12.25
2017-03-17,47.94186,-71.382225,0.0,-4.5,-18.0,-11.25
2017-03-18,47.94186,-71.382225,0.0,2.1,-22.9,-10.399999999999999
2017-03-19,47.94186,-71.382225,0.0,4.7,-19.3,-7.300000000000001
2017-03-20,47.94186,-71.382225,0.0,5.4,-17.3,-5.95
2017-03-21,47.94186,-71.382225,6.7,6.4,-5.6,0.40000000000000036
2017-03-22,47.94186,-71.382225,0.0,-15.3,-21.1,-18.200000000000003
2017-03-23,47.94186,-71.382225,0.2,-5.7,-21.7,-13.7
2017-03-24,47.94186,-71.382225,0.4,-0.7,-18.7,-9.7
2017-03-25,47.94186,-71.382225,0.0,-3.5,-13.5,-8.5
2017-03-26,47.94186,-71.382225,1.6,1.2,-26.7,-12.75
2017-03-27,47.94186,-71.382225,7.2,-1.1,-6.3,-3.7
2017-03-28,47.94186,-71.382225,2.9,3.8,-3.7,0.04999999999999982
2017-03-29,47.94186,-71.382225,0.9,-1.3,-4.5,-2.9
2017-03-30,47.94186,-71.382225,0.0,1.7,-7.3,-2.8
2017-03-31,47.94186,-71.382225,0.0,7.3,-19.3,-6.0
2017-04-01,47.94186,-71.382225,0.0,5.8,-7.3,-0.75
2017-04-02,47.94186,-71.382225,0.0,0.9,-4.1,-1.5999999999999999
2017-04-03,47.94186,-71.382225,0.2,5.3,-17.3,-6.0
2017-04-04,47.94186,-71.382225,4.3,3.2,-5.6,-1.1999999999999997
2017-04-05,47.94186,-71.382225,2.3,4.4,-1.9,1.2500000000000002
2017-04-06,47.94186,-71.382225,5.9,5.3,-0.5,2.4
2017-04-07,47.94186,-71.382225,8.6,3.7,0.1,1.9000000000000001
2017-04-08,47.94186,-71.382225,2.0,3.4,-2.1,0.6499999999999999
2017-04-09,47.94186,-71.382225,11.8,9.2,-6.9,1.1499999999999995
2017-04-10,47.94186,-71.382225,1.5,19.0,2.0,10.5
2017-04-11,47.94186,-71.382225,1.1,3.4,-0.9,1.25
2017-04-12,47.94186,-71.382225,4.6,7.0,0.8,3.9
2017-04-13,47.94186,-71.382225,0.2,5.6,-0.2,2.6999999999999997
2017-04-14,47.94186,-71.382225,0.2,9.6,-8.6,0.5
2017-04-15,47.94186,-71.382225,3.6,12.8,-5.0,3.9000000000000004
2017-04-16,47.94186,-71.382225,9.2,5.8,1.6,3.7
2017-04-17,47.94186,-71.382225,2.2,1.4,-3.0,-0.8
2017-04-18,47.94186,-71.382225,0.0,4.6,-5.6,-0.5
2017-04-19,47.94186,-71.382225,8.1,8.0,-3.0,2.5
2017-04-20,47.94186,-71.382225,0.0,6.4,-0.3,3.0500000000000003
2017-04-21,47.94186,-71.382225,5.0,2.7,-1.3,0.7000000000000001
2017-04-22,47.94186,-71.382225,2.3,5.9,-0.2,2.85
2017-04-23,47.94186,-71.382225,6.0,10.0,-1.7,4.15
2017-04-24,47.94186,-71.382225,0.0,1.5,-10.8,-4.65
2017-04-25,47.94186,-71.382225,3.9,14.4,-10.5,1.9500000000000002
2017-04-26,47.94186,-71.382225,0.8,16.4,3.8,10.1
2017-04-27,47.94186,-71.382225,0.0,20.2,2.8,11.5
2017-04-28,47.94186,-71.382225,2.5,18.3,7.7,13.0
2017-04-29,47.94186,-71.382225,0.2,10.1,0.0,5.05
2017-04-30,47.94186,-71.382225,0.0,8.6,-3.1,2.75
2017-05-01,47.94186,-71.382225,19.7,9.0,0.0,4.5
2017-05-02,47.94186,-71.382225,12.5,12.5,1.8,7.15
2017-05-03,47.94186,-71.382225,1.5,4.7,1.3,3.0
2017-05-04,47.94186,-71.382225,0.0,12.1,-3.3,4.4
2017-05-05,47.94186,-71.382225,6.4,8.5,-0.5,4.0
2017-05-06,47.94186,-71.382225,4.3,10.9,2.7,6.800000000000001
2017-05-07,47.94186,-71.382225,7.2,13.7,5.1,9.399999999999999
2017-05-08,47.94186,-71.382225,3.8,6.2,0.7,3.45
2017-05-09,47.94186,-71.382225,1.0,5.3,-0.1,2.6
2017-05-10,47.94186,-71.382225,0.0,6.2,0.1,3.15
2017-05-11,47.94186,-71.382225,0.0,9.0,0.0,4.5
2017-05-12,47.94186,-71.382225,0.0,17.1,-0.6,8.25
2017-05-13,47.94186,-71.382225,0.0,17.5,-0.3,8.6
2017-05-14,47.94186,-71.382225,0.2,12.8,2.6,7.7
2017-05-15,47.94186,-71.382225,0.0,17.4,3.8,10.6
2017-05-16,47.94186,-71.382225,0.0,17.1,1.5,9.3
2017-05-17,47.94186,-71.382225,3.2,21.6,0.4,11.0
2017-05-18,47.94186,-71.382225,21.6,26.2,11.5,18.85
2017-05-19,47.94186,-71.382225,0.2,7.1,1.3,4.2
2017-05-20,47.94186,-71.382225,0.0,10.6,-2.1,4.25
2017-05-21,47.94186,-71.382225,2.1,16.4,-2.5,6.949999999999999
2017-05-22,47.94186,-71.382225,5.3,11.6,5.1,8.35
2017-05-23,47.94186,-71.382225,0.0,12.1,7.2,9.65
2017-05-24,47.94186,-71.382225,0.0,16.6,3.2,9.9
2017-05-25,47.94186,-71.382225,0.0,20.2,6.8,13.5
2017-05-26,47.94186,-71.382225,0.0,14.9,9.8,12.350000000000001
2017-05-27,47.94186,-71.382225,0.0,21.1,-0.8,10.15
2017-05-28,47.94186,-71.382225,0.2,22.2,4.7,13.45
2017-05-29,47.94186,-71.382225,0.2,19.1,6.6,12.850000000000001
2017-05-30,47.94186,-71.382225,2.6,17.2,8.2,12.7
2017-05-31,47.94186,-71.382225,14.7,16.3,9.4,12.850000000000001
2017-06-01,47.94186,-71.382225,4.0,13.7,4.9,9.3
2017-06-02,47.94186,-71.382225,3.0,8.9,5.3,7.1
2017-06-03,47.94186,-71.382225,2.7,15.3,4.0,9.65
2017-06-04,47.94186,-71.382225,5.4,16.9,7.3,12.1
2017-06-05,47.94186,-71.382225,0.0,17.6,7.5,12.55
2017-06-06,47.94186,-71.382225,0.0,19.6,0.9,10.25
2017-06-07,47.94186,-71.382225,0.0,25.7,3.6,14.65
2017-06-08,47.94186,-71.382225,0.0,26.9,6.3,16.599999999999998
2017-06-09,47.94186,-71.382225,0.0,21.1,11.4,16.25
2017-06-10,47.94186,-71.382225,0.2,21.8,-0.1,10.85
2017-06-11,47.94186,-71.382225,0.0,28.1,13.3,20.700000000000003
2017-06-12,47.94186,-71.382225,1.0,24.9,7.6,16.25
2017-06-13,47.94186,-71.382225,0.0,20.7,12.7,16.7
2017-06-14,47.94186,-71.382225,0.0,12.7,5.0,8.85
2017-06-15,47.94186,-71.382225,6.5,20.0,1.0,10.5
2017-06-16,47.94186,-71.382225,4.5,16.6,8.6,12.600000000000001
2017-06-17,47.94186,-71.382225,5.6,21.7,12.5,17.1
2017-06-18,47.94186,-71.382225,31.1,22.8,17.2,20.0
2017-06-19,47.94186,-71.382225,1.7,24.3,17.9,21.1
2017-06-20,47.94186,-71.382225,9.2,18.0,12.6,15.3
2017-06-21,47.94186,-71.382225,1.3,16.6,10.2,13.4
2017-06-22,47.94186,-71.382225,0.0,19.1,5.1,12.100000000000001
2017-06-23,47.94186,-71.382225,2.1,17.9,9.2,13.549999999999999
2017-06-24,47.94186,-71.382225,3.9,19.7,12.3,16.0
2017-06-25,47.94186,-71.382225,0.0,19.3,5.2,12.25
2017-06-26,47.94186,-71.382225,0.0,16.8,5.0,10.9
2017-06-27,47.94186,-71.382225,0.6,18.4,0.5,9.45
2017-06-28,47.94186,-71.382225,6.9,17.5,8.7,13.1
2017-06-29,47.94186,-71.382225,0.0,20.8,8.6,14.7
2017-06-30,47.94186,-71.382225,7.6,21.8,7.9,14.850000000000001
2017-07-01,47.94186,-71.382225,14.6,21.6,14.2,17.9
2017-07-02,47.94186,-71.382225,1.6,20.9,15.1,18.0
2017-07-03,47.94186,-71.382225,5.2,16.2,10.4,13.3
2017-07-04,47.94186,-71.382225,0.0,21.7,10.9,16.3
2017-07-05,47.94186,-71.382225,0.0,22.8,5.1,13.95
2017-07-06,47.94186,-71.382225,15.1,25.7,10.2,17.95
2017-07-07,47.94186,-71.382225,1.5,20.7,13.0,16.85
2017-07-08,47.94186,-71.382225,3.8,20.4,10.7,15.549999999999999
2017-07-09,47.94186,-71.382225,1.5,18.2,7.1,12.649999999999999
2017-07-10,47.94186,-71.382225,11.8,22.1,5.1,13.600000000000001
2017-07-11,47.94186,-71.382225,1.6,23.0,13.5,18.25
2017-07-12,47.94186,-71.382225,0.0,18.0,5.3,11.65
2017-07-13,47.94186,-71.382225,0.0,20.5,4.6,12.55
2017-07-14,47.94186,-71.382225,0.0,25.0,3.7,14.35
2017-07-15,47.94186,-71.382225,0.2,25.6,7.2,16.400000000000002
2017-07-16,47.94186,-71.382225,1.4,20.5,10.0,15.25
2017-07-17,47.94186,-71.382225,0.0,24.6,13.0,18.8
2017-07-18,47.94186,-71.382225,0.0,25.3,12.1,18.7
2017-07-19,47.94186,-71.382225,0.6,22.0,13.7,17.85
2017-07-20,47.94186,-71.382225,3.3,25.4,13.6,19.5
2017-07-21,47.94186,-71.382225,15.6,22.9,11.2,17.049999999999997
2017-07-22,47.94186,-71.382225,0.0,14.9,4.4,9.65
2017-07-23,47.94186,-71.382225,0.0,18.7,0.9,9.799999999999999
2017-07-24,47.94186,-71.382225,0.0,19.5,1.8,10.65
2017-07-25,47.94186,-71.382225,0.0,23.5,5.5,14.5
2017-07-26,47.94186,-71.382225,0.0,24.9,6.1,15.5
2017-07-27,47.94186,-71.382225,15.1,19.1,14.0,16.55
2017-07-28,47.94186,-71.382225,0.0,13.1,9.0,11.05
2017-07-29,47.94186,-71.382225,0.0,18.3,1.1,9.700000000000001
2017-07-30,47.94186,-71.382225,0.0,23.0,4.7,13.85
2017-07-31,47.94186,-71.382225,0.0,24.1,11.3,17.700000000000003
2017-08-01,47.94186,-71.382225,0.0,23.1,4.1,13.600000000000001
2017-08-02,47.94186,-71.382225,0.0,27.3,11.6,19.45
2017-08-03,47.94186,-71.382225,0.0,21.5,12.8,17.15
2017-08-04,47.94186,-71.382225,3.5,27.3,10.0,18.65
2017-08-05,47.94186,-71.382225,9.9,20.2,14.0,17.1
2017-08-06,47.94186,-71.382225,2.9,12.6,9.2,10.899999999999999
2017-08-07,47.94186,-71.382225,0.0,11.7,7.0,9.35
2017-08-08,47.94186,-71.382225,7.4,17.1,-0.3,8.4
2017-08-09,47.94186,-71.382225,1.4,18.1,7.6,12.850000000000001
2017-08-10,47.94186,-71.382225,6.0,20.5,3.0,11.75
2017-08-11,47.94186,-71.382225,3.9,22.7,9.6,16.15
2017-08-12,47.94186,-71.382225,15.0,19.8,11.2,15.5
2017-08-13,47.94186,-71.382225,0.0,21.1,12.7,16.9
2017-08-14,47.94186,-71.382225,2.1,19.4,4.4,11.899999999999999
2017-08-15,47.94186,-71.382225,11.2,22.1,10.7,16.4
2017-08-16,47.94186,-71.382225,0.0,13.6,7.1,10.35
2017-08-17,47.94186,-71.382225,0.0,18.5,4.0,11.25
2017-08-18,47.94186,-71.382225,2.2,18.6,5.8,12.200000000000001
2017-08-19,47.94186,-71.382225,9.5,21.4,13.4,17.4
2017-08-20,47.94186,-71.382225,2.1,20.6,12.7,16.65
2017-08-21,47.94186,-71.382225,0.0,23.4,12.8,18.1
2017-08-22,47.94186,-71.382225,6.3,22.1,9.7,15.9
2017-08-23,47.94186,-71.382225,0.8,16.8,12.1,14.45
2017-08-24,47.94186,-71.382225,3.8,11.9,9.1,10.5
2017-08-25,47.94186,-71.382225,0.0,12.9,7.2,10.05
2017-08-26,47.94186,-71.382225,0.0,17.0,2.1,9.55
2017-08-27,47.94186,-71.382225,0.0,20.8,0.8,10.8
2017-08-28,47.94186,-71.382225,0.0,22.6,2.1,12.350000000000001
2017-08-29,47.94186,-71.382225,0.0,21.0,3.4,12.2
2017-08-30,47.94186,-71.382225,18.3,21.6,5.1,13.350000000000001
2017-08-31,47.94186,-71.382225,23.4,10.1,7.0,8.55
2017-09-01,47.94186,-71.382225,2.2,7.6,3.1,5.35
2017-09-02,47.94186,-71.382225,0.0,15.5,-0.4,7.55
2017-09-03,47.94186,-71.382225,7.2,19.3,0.2,9.75
2017-09-04,47.94186,-71.382225,19.6,15.1,9.0,12.05
2017-09-05,47.94186,-71.382225,3.4,17.8,12.0,14.9
2017-09-06,47.94186,-71.382225,5.5,16.4,7.8,12.1
2017-09-07,47.94186,-71.382225,12.4,12.3,9.8,11.05
2017-09-08,47.94186,-71.382225,23.6,12.6,9.4,11.0
2017-09-09,47.94186,-71.382225,0.0,15.2,7.6,11.399999999999999
2017-09-10,47.94186,-71.382225,0.0,16.7,0.9,8.799999999999999
2017-09-11,47.94186,-71.382225,0.0,20.8,1.7,11.25
2017-09-12,47.94186,-71.382225,0.0,19.0,4.8,11.9
2017-09-13,47.94186,-71.382225,0.0,22.9,5.8,14.35
2017-09-14,47.94186,-71.382225,0.0,19.6,7.5,13.55
2017-09-15,47.94186,-71.382225,0.0,22.0,1.8,11.9
2017-09-16,47.94186,-71.382225,0.0,18.8,11.1,14.95
2017-09-17,47.94186,-71.382225,0.0,24.8,12.6,18.7
2017-09-18,47.94186,-71.382225,0.0,23.8,12.2,18.0
2017-09-19,47.94186,-71.382225,4.6,21.2,11.1,16.15
2017-09-20,47.94186,-71.382225,0.0,21.1,12.2,16.65
2017-09-21,47.94186,-71.382225,0.0,22.4,4.2,13.299999999999999
2017-09-22,47.94186,-71.382225,0.2,26.2,8.0,17.1
2017-09-23,47.94186,-71.382225,0.0,24.1,12.7,18.4
2017-09-24,47.94186,-71.382225,0.0,24.0,14.8,19.4
2017-09-25,47.94186,-71.382225,0.0,27.9,13.7,20.799999999999997
2017-09-26,47.94186,-71.382225,0.0,21.8,15.2,18.5
2017-09-27,47.94186,-71.382225,23.1,24.9,12.8,18.85
2017-09-28,47.94186,-71.382225,0.2,8.6,4.1,6.35
2017-09-29,47.94186,-71.382225,0.0,6.5,2.5,4.5
2017-09-30,47.94186,-71.382225,0.0,7.7,-1.7,3.0
2017-10-01,47.94186,-71.382225,0.0,13.5,-1.7,5.9
2017-10-02,47.94186,-71.382225,0.0,12.5,3.4,7.95
2017-10-03,47.94186,-71.382225,0.0,18.7,-0.3,9.2
2017-10-04,47.94186,-71.382225,15.3,18.4,9.3,13.85
2017-10-05,47.94186,-71.382225,0.0,12.5,5.0,8.75
2017-10-06,47.94186,-71.382225,0.0,11.4,3.0,7.2
2017-10-07,47.94186,-71.382225,1.5,17.2,-1.9,7.6499999999999995
2017-10-08,47.94186,-71.382225,3.0,17.3,12.9,15.100000000000001
2017-10-09,47.94186,-71.382225,0.0,16.7,7.9,12.3
2017-10-10,47.94186,-71.382225,0.2,14.2,8.1,11.149999999999999
2017-10-11,47.94186,-71.382225,0.0,7.0,-0.4,3.3
2017-10-12,47.94186,-71.382225,0.0,10.1,-3.3,3.4
2017-10-13,47.94186,-71.382225,1.4,14.9,-2.4,6.25
2017-10-14,47.94186,-71.382225,1.0,15.3,6.1,10.7
2017-10-15,47.94186,-71.382225,19.7,15.7,-0.3,7.699999999999999
2017-10-16,47.94186,-71.382225,1.4,1.4,-1.1,0.1499999999999999
2017-10-17,47.94186,-71.382225,1.7,5.4,-2.7,1.35
2017-10-18,47.94186,-71.382225,0.0,11.8,1.2,6.5
2017-10-19,47.94186,-71.382225,2.5,16.2,1.4,8.799999999999999
2017-10-20,47.94186,-71.382225,0.0,7.5,-0.5,3.5
2017-10-21,47.94186,-71.382225,0.0,12.6,-2.6,5.0
2017-10-22,47.94186,-71.382225,0.0,19.0,0.7,9.85
2017-10-23,47.94186,-71.382225,0.0,19.6,3.8,11.700000000000001
2017-10-24,47.94186,-71.382225,3.5,20.2,4.4,12.3
2017-10-25,47.94186,-71.382225,1.8,15.1,9.9,12.5
2017-10-26,47.94186,-71.382225,44.2,6.9,6.3,6.6
2017-10-27,47.94186,-71.382225,2.3,4.0,1.6,2.8
2017-10-28,47.94186,-71.382225,1.8,14.6,-0.4,7.1
2017-10-29,47.94186,-71.382225,17.9,11.2,7.2,9.2
2017-10-30,47.94186,-71.382225,10.6,14.7,3.0,8.85
2017-10-31,47.94186,-71.382225,3.0,3.2,0.6,1.9000000000000001
2017-11-01,47.94186,-71.382225,1.0,2.0,-5.4,-1.7000000000000002
2017-11-02,47.94186,-71.382225,42.3,8.4,-1.0,3.7
2017-11-03,47.94186,-71.382225,3.2,7.0,1.0,4.0
2017-11-04,47.94186,-71.382225,0.0,-2.2,-4.8,-3.5
2017-11-05,47.94186,-71.382225,26.9,10.1,-7.1,1.5
2017-11-06,47.94186,-71.382225,2.0,5.1,-2.3,1.4
2017-11-07,47.94186,-71.382225,0.2,-1.4,-6.1,-3.75
2017-11-08,47.94186,-71.382225,0.0,-0.2,-9.4,-4.8
2017-11-09,47.94186,-71.382225,4.2,2.0,-2.2,-0.10000000000000009
2017-11-10,47.94186,-71.382225,6.6,-9.1,-13.1,-11.1
2017-11-11,47.94186,-71.382225,0.0,-5.1,-12.2,-8.649999999999999
2017-11-12,47.94186,-71.382225,0.0,-2.4,-13.7,-8.049999999999999
2017-11-13,47.94186,-71.382225,0.0,-3.4,-13.7,-8.549999999999999
2017-11-14,47.94186,-71.382225,0.0,-3.1,-5.5,-4.3
2017-11-15,47.94186,-71.382225,0.3,0.9,-8.1,-3.5999999999999996
2017-11-16,47.94186,-71.382225,1.5,2.2,-6.7,-2.25
2017-11-17,47.94186,-71.382225,0.0,-8.7,-10.8,-9.75
2017-11-18,47.94186,-71.382225,0.5,-2.3,-15.8,-9.05
2017-11-19,47.94186,-71.382225,10.4,-0.4,-5.6,-3.0
2017-11-20,47.94186,-71.382225,0.0,-9.9,-14.0,-11.95
2017-11-21,47.94186,-71.382225,3.3,1.3,-18.4,-8.549999999999999
2017-11-22,47.94186,-71.382225,1.0,-0.1,-7.9,-4.0
2017-11-23,47.94186,-71.382225,0.8,-4.6,-10.9,-7.75
2017-11-24,47.94186,-71.382225,5.8,2.2,-12.1,-4.949999999999999
2017-11-25,47.94186,-71.382225,7.0,2.3,-2.6,-0.15000000000000013
2017-11-26,47.94186,-71.382225,1.4,-6.6,-9.1,-7.85
2017-11-27,47.94186,-71.382225,0.0,-11.8,-13.5,-12.65
2017-11-28,47.94186,-71.382225,11.6,2.2,-17.8,-7.800000000000001
2017-11-29,47.94186,-71.382225,0.4,-1.3,-8.6,-4.95
2017-11-30,47.94186,-71.382225,4.0,-0.5,-14.1,-7.3
2017-12-01,47.94186,-71.382225,0.2,-2.2,-4.2,-3.2
2017-12-02,47.94186,-71.382225,0.0,-2.1,-9.4,-5.75
2017-12-03,47.94186,-71.382225,0.0,-2.1,-9.4,-5.75
2017-12-04,47.94186,-71.382225,1.5,-0.6,-15.5,-8.05
2017-12-05,47.94186,-71.382225,10.6,3.0,-4.6,-0.7999999999999998
2017-12-06,47.94186,-71.382225,0.7,-2.0,-5.0,-3.5
2017-12-07,47.94186,-71.382225,1.4,-5.1,-8.0,-6.55
2017-12-08,47.94186,-71.382225,1.1,-4.8,-11.0,-7.9
2017-12-09,47.94186,-71.382225,0.0,-8.4,-12.1,-10.25
2017-12-10,47.94186,-71.382225,2.9,-9.8,-13.5,-11.65
2017-12-11,47.94186,-71.382225,0.0,-13.2,-27.4,-20.299999999999997
2017-12-12,47.94186,-71.382225,13.8,-9.5,-26.1,-17.8
2017-12-13,47.94186,-71.382225,3.3,-10.2,-13.8,-12.0
2017-12-14,47.94186,-71.382225,3.3,-17.5,-21.4,-19.45
2017-12-15,47.94186,-71.382225,0.0,-15.7,-24.4,-20.049999999999997
2017-12-16,47.94186,-71.382225,0.0,-15.0,-29.5,-22.25
2017-12-17,47.94186,-71.382225,0.0,-20.1,-29.9,-25.0
2017-12-18,47.94186,-71.382225,0.4,-7.4,-27.3,-17.35
2017-12-19,47.94186,-71.382225,6.6,-2.3,-19.6,-10.950000000000001
2017-12-20,47.94186,-71.382225,2.1,-6.9,-14.3,-10.600000000000001
2017-12-21,47.94186,-71.382225,0.0,-17.3,-20.4,-18.85
2017-12-22,47.94186,-71.382225,0.0,-11.1,-31.9,-21.5
2017-12-23,47.94186,-71.382225,8.7,-6.5,-28.4,-17.45
2017-12-24,47.94186,-71.382225,0.0,-11.8,-21.5,-16.65
2017-12-25,47.94186,-71.382225,1.4,-12.6,-23.5,-18.05
2017-12-26,47.94186,-71.382225,0.0,-15.8,-23.1,-19.450000000000003
2017-12-27,47.94186,-71.382225,0.8,-23.7,-29.5,-26.6
2017-12-28,47.94186,-71.382225,0.0,-21.5,-26.9,-24.2
2017-12-29,47.94186,-71.382225,0.0,-19.6,-24.7,-22.15
2017-12-30,47.94186,-71.382225,0.0,-22.0,-28.6,-25.3
2017-12-31,47.94186,-71.382225,0.0,-22.6,-26.0,-24.3
2018-01-01,47.94186,-71.382225,0.0,-23.2,-26.2,-24.7
2018-01-02,47.94186,-71.382225,0.0,-20.1,-33.6,-26.85
2018-01-03,47.94186,-71.382225,0.6,-12.3,-30.6,-21.450000000000003
2018-01-04,47.94186,-71.382225,8.8,-9.3,-15.6,-12.45
2018-01-05,47.94186,-71.382225,3.7,-20.2,-24.8,-22.5
2018-01-06,47.94186,-71.382225,0.2,-23.1,-27.0,-25.05
2018-01-07,47.94186,-71.382225,2.6,-16.5,-30.3,-23.4
2018-01-08,47.94186,-71.382225,6.8,-6.5,-18.5,-12.5
2018-01-09,47.94186,-71.382225,2.8,-7.9,-12.8,-10.350000000000001
2018-01-10,47.94186,-71.382225,1.5,1.7,-18.1,-8.200000000000001
2018-01-11,47.94186,-71.382225,6.4,7.0,-6.7,0.1499999999999999
2018-01-12,47.94186,-71.382225,36.8,8.6,-9.8,-0.6000000000000005
2018-01-13,47.94186,-71.382225,10.8,-22.3,-25.3,-23.8
2018-01-14,47.94186,-71.382225,0.2,-18.7,-37.0,-27.85
2018-01-15,47.94186,-71.382225,0.0,-13.2,-33.6,-23.4
2018-01-16,47.94186,-71.382225,0.0,-10.1,-28.6,-19.35
2018-01-17,47.94186,-71.382225,0.9,-8.1,-21.6,-14.850000000000001
2018-01-18,47.94186,-71.382225,0.3,-7.6,-11.8,-9.7
2018-01-19,47.94186,-71.382225,7.5,-4.0,-16.9,-10.45
2018-01-20,47.94186,-71.382225,1.9,-1.3,-8.8,-5.050000000000001
2018-01-21,47.94186,-71.382225,0.0,-13.3,-18.8,-16.05
2018-01-22,47.94186,-71.382225,12.9,-11.4,-28.6,-20.0
2018-01-23,47.94186,-71.382225,12.0,-5.4,-18.1,-11.75
2018-01-24,47.94186,-71.382225,0.0,-13.7,-16.2,-14.95
2018-01-25,47.94186,-71.382225,0.0,-19.6,-23.5,-21.55
2018-01-26,47.94186,-71.382225,0.0,-5.3,-31.1,-18.2
2018-01-27,47.94186,-71.382225,3.4,1.3,-22.0,-10.35
2018-01-28,47.94186,-71.382225,3.8,-1.7,-14.9,-8.3
2018-01-29,47.94186,-71.382225,0.0,-12.9,-20.5,-16.7
2018-01-30,47.94186,-71.382225,0.2,-11.7,-31.5,-21.6
2018-01-31,47.94186,-71.382225,1.8,-8.0,-21.6,-14.8
2018-02-01,47.94186,-71.382225,3.7,-2.9,-13.4,-8.15
2018-02-02,47.94186,-71.382225,0.0,-20.1,-22.6,-21.35
2018-02-03,47.94186,-71.382225,2.2,-11.3,-35.2,-23.25
2018-02-04,47.94186,-71.382225,5.8,-4.5,-26.1,-15.3
2018-02-05,47.94186,-71.382225,0.5,-12.2,-18.7,-15.45
2018-02-06,47.94186,-71.382225,2.1,-10.1,-22.2,-16.15
2018-02-07,47.94186,-71.382225,3.3,-13.1,-29.9,-21.5
2018-02-08,47.94186,-71.382225,0.7,-12.0,-23.3,-17.65
2018-02-09,47.94186,-71.382225,0.0,-12.4,-23.0,-17.7
2018-02-10,47.94186,-71.382225,0.0,-6.7,-20.9,-13.799999999999999
2018-02-11,47.94186,-71.382225,9.0,0.5,-21.7,-10.6
2018-02-12,47.94186,-71.382225,0.0,-8.9,-16.2,-12.55
2018-02-13,47.94186,-71.382225,0.2,-5.6,-31.2,-18.4
2018-02-14,47.94186,-71.382225,0.0,-1.8,-13.7,-7.75
2018-02-15,47.94186,-71.382225,2.6,3.0,-6.2,-1.6
2018-02-16,47.94186,-71.382225,0.0,-9.0,-18.9,-13.95
2018-02-17,47.94186,-71.382225,0.0,-6.4,-30.1,-18.25
2018-02-18,47.94186,-71.382225,1.9,-3.4,-11.4,-7.4
2018-02-19,47.94186,-71.382225,0.2,2.0,-18.0,-8.0
2018-02-20,47.94186,-71.382225,10.1,8.1,-6.4,0.8499999999999996
2018-02-21,47.94186,-71.382225,2.2,8.8,-8.0,0.40000000000000036
2018-02-22,47.94186,-71.382225,0.0,-8.2,-21.5,-14.85
2018-02-23,47.94186,-71.382225,3.6,1.2,-23.3,-11.05
2018-02-24,47.94186,-71.382225,0.2,-2.3,-11.5,-6.9
2018-02-25,47.94186,-71.382225,3.5,-0.3,-23.0,-11.65
2018-02-26,47.94186,-71.382225,3.2,0.0,-3.8,-1.9
2018-02-27,47.94186,-71.382225,0.2,0.2,-5.6,-2.6999999999999997
2018-02-28,47.94186,-71.382225,4.8,2.2,-3.1,-0.44999999999999996
2018-03-01,47.94186,-71.382225,0.2,-0.8,-6.6,-3.6999999999999997
2018-03-02,47.94186,-71.382225,0.0,-2.1,-6.6,-4.35
2018-03-03,47.94186,-71.382225,0.2,4.3,-8.1,-1.9
2018-03-04,47.94186,-71.382225,0.0,0.6,-6.5,-2.95
2018-03-05,47.94186,-71.382225,0.0,0.3,-4.9,-2.3000000000000003
2018-03-06,47.94186,-71.382225,0.0,0.4,-14.8,-7.2
2018-03-07,47.94186,-71.382225,0.0,-2.2,-6.2,-4.2
2018-03-08,47.94186,-71.382225,2.8,-2.7,-6.3,-4.5
2018-03-09,47.94186,-71.382225,2.6,0.3,-6.6,-3.15
2018-03-10,47.94186,-71.382225,1.2,-1.4,-5.6,-3.5
2018-03-11,47.94186,-71.382225,0.0,-0.3,-6.3,-3.3
2018-03-12,47.94186,-71.382225,0.0,2.4,-15.3,-6.45
2018-03-13,47.94186,-71.382225,8.9,-2.2,-8.4,-5.300000000000001
2018-03-14,47.94186,-71.382225,8.1,-1.2,-4.5,-2.85
2018-03-15,47.94186,-71.382225,6.9,-2.1,-5.1,-3.5999999999999996
2018-03-16,47.94186,-71.382225,1.3,-9.4,-12.3,-10.850000000000001
2018-03-17,47.94186,-71.382225,0.0,-13.1,-20.4,-16.75
2018-03-18,47.94186,-71.382225,0.0,-10.7,-26.2,-18.45
2018-03-19,47.94186,-71.382225,0.0,-8.5,-20.3,-14.4
2018-03-20,47.94186,-71.382225,0.0,-4.2,-16.2,-10.2
2018-03-21,47.94186,-71.382225,0.0,2.5,-23.5,-10.5
2018-03-22,47.94186,-71.382225,0.0,2.2,-17.4,-7.6
2018-03-23,47.94186,-71.382225,0.0,3.8,-18.7,-7.449999999999999
2018-03-24,47.94186,-71.382225,0.0,-2.7,-9.7,-6.199999999999999
2018-03-25,47.94186,-71.382225,0.0,2.6,-22.0,-9.7
2018-03-26,47.94186,-71.382225,0.0,6.8,-18.6,-5.9
2018-03-27,47.94186,-71.382225,1.1,9.8,-13.0,-1.5999999999999996
2018-03-28,47.94186,-71.382225,0.0,4.2,-1.4,1.4000000000000001
2018-03-29,47.94186,-71.382225,5.5,6.7,-0.6,3.0500000000000003
2018-03-30,47.94186,-71.382225,0.8,2.2,-3.0,-0.3999999999999999
2018-03-31,47.94186,-71.382225,1.9,1.2,-16.1,-7.450000000000001
2018-04-01,47.94186,-71.382225,1.0,0.5,-6.0,-2.75
2018-04-02,47.94186,-71.382225,0.0,-1.7,-19.5,-10.6
2018-04-03,47.94186,-71.382225,5.1,-1.3,-14.3,-7.800000000000001
2018-04-04,47.94186,-71.382225,17.0,-4.9,-9.2,-7.05
2018-04-05,47.94186,-71.382225,1.5,-9.7,-15.1,-12.399999999999999
2018-04-06,47.94186,-71.382225,1.6,-1.6,-25.6,-13.600000000000001
2018-04-07,47.94186,-71.382225,15.0,1.2,-17.7,-8.25
2018-04-08,47.94186,-71.382225,0.4,-4.2,-17.5,-10.85
2018-04-09,47.94186,-71.382225,0.0,-4.0,-18.3,-11.15
2018-04-10,47.94186,-71.382225,1.3,0.5,-16.3,-7.9
2018-04-11,47.94186,-71.382225,0.0,3.2,-16.2,-6.5
2018-04-12,47.94186,-71.382225,1.5,5.6,-3.6,0.9999999999999998
2018-04-13,47.94186,-71.382225,0.0,6.0,-1.1,2.45
2018-04-14,47.94186,-71.382225,0.0,-7.5,-15.1,-11.3
2018-04-15,47.94186,-71.382225,0.0,-1.2,-24.3,-12.75
2018-04-16,47.94186,-71.382225,6.0,1.6,-6.5,-2.45
2018-04-17,47.94186,-71.382225,3.8,3.9,-1.9,1.0
2018-04-18,47.94186,-71.382225,6.3,2.7,-1.8,0.45000000000000007
2018-04-19,47.94186,-71.382225,4.8,4.5,-2.1,1.2
2018-04-20,47.94186,-71.382225,1.1,3.1,-1.4,0.8500000000000001
2018-04-21,47.94186,-71.382225,0.0,5.6,-4.1,0.75
2018-04-22,47.94186,-71.382225,0.0,7.5,-12.5,-2.5
2018-04-23,47.94186,-71.382225,0.0,13.8,-10.1,1.8500000000000005
2018-04-24,47.94186,-71.382225,1.1,16.3,-4.1,6.1000000000000005
2018-04-25,47.94186,-71.382225,4.7,14.3,1.5,7.9
2018-04-26,47.94186,-71.382225,3.5,11.0,1.1,6.05
2018-04-27,47.94186,-71.382225,1.8,14.7,-1.2,6.75
2018-04-28,47.94186,-71.382225,5.5,10.3,0.5,5.4
2018-04-29,47.94186,-71.382225,11.0,7.3,0.8,4.05
2018-04-30,47.94186,-71.382225,0.2,6.7,-1.2,2.75
2018-05-01,47.94186,-71.382225,1.1,15.5,-1.1,7.2
2018-05-02,47.94186,-71.382225,1.6,18.2,3.3,10.75
2018-05-03,47.94186,-71.382225,0.0,11.8,1.4,6.6000000000000005
2018-05-04,47.94186,-71.382225,22.8,9.3,1.0,5.15
2018-05-05,47.94186,-71.382225,2.3,7.3,0.4,3.85
2018-05-06,47.94186,-71.382225,0.0,9.2,-0.2,4.5
2018-05-07,47.94186,-71.382225,0.0,11.8,-6.5,2.6500000000000004
2018-05-08,47.94186,-71.382225,0.0,18.1,-1.5,8.3
2018-05-09,47.94186,-71.382225,0.0,19.4,-3.3,8.049999999999999
2018-05-10,47.94186,-71.382225,9.3,20.0,3.4,11.7
2018-05-11,47.94186,-71.382225,0.0,3.9,-4.3,-0.19999999999999996
2018-05-12,47.94186,-71.382225,0.0,10.5,-7.6,1.4500000000000002
2018-05-13,47.94186,-71.382225,0.0,15.8,-3.9,5.95
2018-05-14,47.94186,-71.382225,0.4,20.2,0.4,10.299999999999999
2018-05-15,47.94186,-71.382225,0.0,10.1,1.8,5.95
2018-05-16,47.94186,-71.382225,5.8,9.1,-6.2,1.4499999999999997
2018-05-17,47.94186,-71.382225,0.0,5.3,-1.9,1.7
2018-05-18,47.94186,-71.382225,0.0,12.7,-6.0,3.3499999999999996
2018-05-19,47.94186,-71.382225,3.8,20.4,-3.0,8.7
2018-05-20,47.94186,-71.382225,0.0,12.3,3.1,7.7
2018-05-21,47.94186,-71.382225,0.0,14.7,-1.3,6.699999999999999
2018-05-22,47.94186,-71.382225,13.9,21.9,-0.9,10.5
2018-05-23,47.94186,-71.382225,0.0,12.2,4.1,8.149999999999999
2018-05-24,47.94186,-71.382225,1.0,12.6,-2.8,4.9
2018-05-25,47.94186,-71.382225,0.0,24.1,3.1,13.600000000000001
2018-05-26,47.94186,-71.382225,0.0,16.5,3.9,10.2
2018-05-27,47.94186,-71.382225,8.8,21.9,-0.5,10.7
2018-05-28,47.94186,-71.382225,5.4,15.3,9.5,12.4
2018-05-29,47.94186,-71.382225,0.0,16.0,5.1,10.55
2018-05-30,47.94186,-71.382225,0.0,24.8,-0.8,12.0
2018-05-31,47.94186,-71.382225,0.0,29.7,7.0,18.35
2018-06-01,47.94186,-71.382225,6.7,26.0,18.1,22.05
2018-06-02,47.94186,-71.382225,0.0,18.6,6.3,12.450000000000001
2018-06-03,47.94186,-71.382225,0.0,19.9,-1.4,9.25
2018-06-04,47.94186,-71.382225,6.0,7.7,4.9,6.300000000000001
2018-06-05,47.94186,-71.382225,2.1,12.1,3.8,7.949999999999999
2018-06-06,47.94186,-71.382225,0.0,17.3,2.3,9.8
2018-06-07,47.94186,-71.382225,5.9,16.1,5.2,10.65
2018-06-08,47.94186,-71.382225,2.3,17.4,4.4,10.899999999999999
2018-06-09,47.94186,-71.382225,0.0,15.1,2.6,8.85
2018-06-10,47.94186,-71.382225,0.0,13.6,4.0,8.8
2018-06-11,47.94186,-71.382225,0.0,17.6,-1.7,7.950000000000001
2018-06-12,47.94186,-71.382225,1.5,25.0,1.3,13.15
2018-06-13,47.94186,-71.382225,31.9,14.7,7.3,11.0
2018-06-14,47.94186,-71.382225,1.2,14.4,6.9,10.65
2018-06-15,47.94186,-71.382225,0.0,22.2,0.0,11.1
2018-06-16,47.94186,-71.382225,0.0,25.7,5.0,15.35
2018-06-17,47.94186,-71.382225,11.1,24.7,7.1,15.899999999999999
2018-06-18,47.94186,-71.382225,19.9,20.6,15.4,18.0
2018-06-19,47.94186,-71.382225,0.0,18.2,7.7,12.95
2018-06-20,47.94186,-71.382225,2.4,20.7,5.0,12.85
2018-06-21,47.94186,-71.382225,0.0,15.3,-0.2,7.550000000000001
2018-06-22,47.94186,-71.382225,0.0,22.1,-0.2,10.950000000000001
2018-06-23,47.94186,-71.382225,0.0,23.5,6.5,15.0
2018-06-24,47.94186,-71.382225,0.2,17.3,9.2,13.25
2018-06-25,47.94186,-71.382225,0.0,19.3,2.3,10.8
2018-06-26,47.94186,-71.382225,0.0,22.0,0.3,11.15
2018-06-27,47.94186,-71.382225,0.0,26.8,5.7,16.25
2018-06-28,47.94186,-71.382225,0.0,24.2,8.3,16.25
2018-06-29,47.94186,-71.382225,0.0,25.7,12.8,19.25
2018-06-30,47.94186,-71.382225,4.0,22.1,10.4,16.25
2018-07-01,47.94186,-71.382225,0.0,26.5,13.8,20.15
2018-07-02,47.94186,-71.382225,15.7,31.2,18.5,24.85
2018-07-03,47.94186,-71.382225,0.4,26.7,16.1,21.4
2018-07-04,47.94186,-71.382225,1.3,26.6,11.8,19.200000000000003
2018-07-05,47.94186,-71.382225,25.5,30.4,15.1,22.75
2018-07-06,47.94186,-71.382225,0.9,13.5,7.1,10.3
2018-07-07,47.94186,-71.382225,0.0,21.6,2.6,12.100000000000001
2018-07-08,47.94186,-71.382225,0.0,25.3,9.8,17.55
2018-07-09,47.94186,-71.382225,13.2,26.2,17.1,21.65
2018-07-10,47.94186,-71.382225,0.2,19.2,12.6,15.899999999999999
2018-07-11,47.94186,-71.382225,0.0,18.1,0.9,9.5
2018-07-12,47.94186,-71.382225,0.0,21.0,5.6,13.3
2018-07-13,47.94186,-71.382225,3.1,25.8,5.6,15.7
2018-07-14,47.94186,-71.382225,3.0,18.6,14.0,16.3
2018-07-15,47.94186,-71.382225,0.0,23.0,14.6,18.8
2018-07-16,47.94186,-71.382225,4.3,28.0,9.1,18.55
2018-07-17,47.94186,-71.382225,9.3,22.5,15.9,19.2
2018-07-18,47.94186,-71.382225,0.0,18.7,8.5,13.6
2018-07-19,47.94186,-71.382225,0.0,22.3,3.6,12.950000000000001
2018-07-20,47.94186,-71.382225,0.0,28.5,10.6,19.55
2018-07-21,47.94186,-71.382225,0.0,30.0,12.5,21.25
2018-07-22,47.94186,-71.382225,2.7,29.1,10.2,19.65
2018-07-23,47.94186,-71.382225,6.2,26.4,16.4,21.4
2018-07-24,47.94186,-71.382225,1.6,25.3,20.0,22.65
2018-07-25,47.94186,-71.382225,13.4,22.9,19.7,21.299999999999997
2018-07-26,47.94186,-71.382225,1.3,24.4,16.5,20.45
2018-07-27,47.94186,-71.382225,0.0,24.6,14.9,19.75
2018-07-28,47.94186,-71.382225,13.9,24.3,12.5,18.4
2018-07-29,47.94186,-71.382225,0.0,20.9,11.9,16.4
2018-07-30,47.94186,-71.382225,0.0,24.1,10.9,17.5
2018-07-31,47.94186,-71.382225,0.0,26.3,10.4,18.35
2018-08-01,47.94186,-71.382225,0.3,25.4,12.1,18.75
2018-08-02,47.94186,-71.382225,6.3,21.3,16.0,18.65
2018-08-03,47.94186,-71.382225,0.0,24.2,13.2,18.7
2018-08-04,47.94186,-71.382225,28.7,26.2,13.5,19.85
2018-08-05,47.94186,-71.382225,0.0,26.8,11.1,18.95
2018-08-06,47.94186,-71.382225,4.8,25.6,17.1,21.35
2018-08-07,47.94186,-71.382225,6.6,20.9,16.7,18.799999999999997
2018-08-08,47.94186,-71.382225,7.7,25.1,11.6,18.35
2018-08-09,47.94186,-71.382225,4.2,23.8,14.4,19.1
2018-08-10,47.94186,-71.382225,0.0,20.2,11.1,15.649999999999999
2018-08-11,47.94186,-71.382225,0.2,24.9,6.4,15.649999999999999
2018-08-12,47.94186,-71.382225,0.0,26.2,9.8,18.0
2018-08-13,47.94186,-71.382225,0.0,27.3,11.1,19.2
2018-08-14,47.94186,-71.382225,0.0,27.7,11.9,19.8
2018-08-15,47.94186,-71.382225,0.0,19.9,13.1,16.5
2018-08-16,47.94186,-71.382225,0.0,15.0,10.6,12.8
2018-08-17,47.94186,-71.382225,9.9,22.4,3.9,13.149999999999999
2018-08-18,47.94186,-71.382225,0.0,20.7,9.4,15.05
2018-08-19,47.94186,-71.382225,0.0,23.1,5.2,14.15
2018-08-20,47.94186,-71.382225,0.0,24.3,7.9,16.1
2018-08-21,47.94186,-71.382225,2.6,24.3,9.6,16.95
2018-08-22,47.94186,-71.382225,6.8,20.3,13.9,17.1
2018-08-23,47.94186,-71.382225,0.0,19.2,9.3,14.25
2018-08-24,47.94186,-71.382225,0.0,22.6,8.8,15.700000000000001
2018-08-25,47.94186,-71.382225,0.0,24.2,11.5,17.85
2018-08-26,47.94186,-71.382225,0.8,23.7,13.3,18.5
2018-08-27,47.94186,-71.382225,0.2,24.3,13.7,19.0
2018-08-28,47.94186,-71.382225,0.7,25.9,17.5,21.7
2018-08-29,47.94186,-71.382225,4.2,19.2,10.9,15.05
2018-08-30,47.94186,-71.382225,0.7,13.3,8.9,11.100000000000001
2018-08-31,47.94186,-71.382225,0.0,20.2,0.2,10.2
2018-09-01,47.94186,-71.382225,0.0,21.0,7.2,14.1
2018-09-02,47.94186,-71.382225,0.0,21.6,17.1,19.35
2018-09-03,47.94186,-71.382225,0.9,24.3,16.3,20.3
2018-09-04,47.94186,-71.382225,0.3,21.3,9.6,15.45
2018-09-05,47.94186,-71.382225,27.6,22.6,8.7,15.65
2018-09-06,47.94186,-71.382225,0.0,16.5,10.1,13.3
2018-09-07,47.94186,-71.382225,2.8,16.9,0.6,8.75
2018-09-08,47.94186,-71.382225,2.8,8.1,2.2,5.15
2018-09-09,47.94186,-71.382225,0.0,11.4,-1.2,5.1000000000000005
2018-09-10,47.94186,-71.382225,0.6,15.5,-2.4,6.55
2018-09-11,47.94186,-71.382225,0.4,15.3,8.6,11.95
2018-09-12,47.94186,-71.382225,0.0,22.4,10.6,16.5
2018-09-13,47.94186,-71.382225,0.0,24.8,6.9,15.850000000000001
2018-09-14,47.94186,-71.382225,0.0,25.8,8.5,17.15
2018-09-15,47.94186,-71.382225,1.3,24.8,10.8,17.8
2018-09-16,47.94186,-71.382225,0.0,21.5,10.9,16.2
2018-09-17,47.94186,-71.382225,11.2,24.6,11.5,18.05
2018-09-18,47.94186,-71.382225,0.0,12.2,6.4,9.3
2018-09-19,47.94186,-71.382225,0.4,12.0,5.4,8.7
2018-09-20,47.94186,-71.382225,0.4,13.6,5.6,9.6
2018-09-21,47.94186,-71.382225,14.7,17.7,1.0,9.35
2018-09-22,47.94186,-71.382225,4.5,9.7,2.5,6.1
2018-09-23,47.94186,-71.382225,0.9,3.8,-1.6,1.0999999999999999
2018-09-24,47.94186,-71.382225,0.0,9.6,-5.7,1.9499999999999997
2018-09-25,47.94186,-71.382225,10.4,15.0,1.2,8.1
2018-09-26,47.94186,-71.382225,9.9,19.6,8.5,14.05
2018-09-27,47.94186,-71.382225,0.0,12.3,0.2,6.25
2018-09-28,47.94186,-71.382225,10.3,16.8,3.0,9.9
2018-09-29,47.94186,-71.382225,0.0,8.0,2.0,5.0
2018-09-30,47.94186,-71.382225,3.2,8.8,-1.3,3.7500000000000004
2018-10-01,47.94186,-71.382225,0.7,6.9,-1.6,2.6500000000000004
2018-10-02,47.94186,-71.382225,0.0,9.1,-1.2,3.9499999999999997
2018-10-03,47.94186,-71.382225,0.0,14.2,4.1,9.149999999999999
2018-10-04,47.94186,-71.382225,1.3,15.8,5.6,10.7
2018-10-05,47.94186,-71.382225,0.0,4.1,-3.6,0.24999999999999978
2018-10-06,47.94186,-71.382225,5.3,10.4,-2.4,4.0
2018-10-07,47.94186,-71.382225,0.0,4.0,-0.1,1.95
2018-10-08,47.94186,-71.382225,9.3,11.8,-0.4,5.7
2018-10-09,47.94186,-71.382225,14.5,15.4,4.2,9.8
2018-10-10,47.94186,-71.382225,28.3,4.7,3.1,3.9000000000000004
2018-10-11,47.94186,-71.382225,8.5,6.3,1.9,4.1
2018-10-12,47.94186,-71.382225,0.6,5.1,0.6,2.8499999999999996
2018-10-13,47.94186,-71.382225,0.4,0.6,-1.4,-0.39999999999999997
2018-10-14,47.94186,-71.382225,0.2,6.1,-1.6,2.25
2018-10-15,47.94186,-71.382225,15.3,8.8,1.0,4.9
2018-10-16,47.94186,-71.382225,3.2,1.3,-2.1,-0.4
2018-10-17,47.94186,-71.382225,6.3,2.3,-1.5,0.3999999999999999
2018-10-18,47.94186,-71.382225,1.4,-1.0,-5.9,-3.45
2018-10-19,47.94186,-71.382225,7.4,5.5,-7.2,-0.8500000000000001
2018-10-20,47.94186,-71.382225,8.5,6.4,0.3,3.35
2018-10-21,47.94186,-71.382225,2.3,-2.7,-5.2,-3.95
2018-10-22,47.94186,-71.382225,0.0,-2.5,-6.4,-4.45
2018-10-23,47.94186,-71.382225,0.0,1.9,-13.4,-5.75
2018-10-24,47.94186,-71.382225,0.9,1.4,-10.1,-4.35
2018-10-25,47.94186,-71.382225,1.3,-3.7,-5.7,-4.7
2018-10-26,47.94186,-71.382225,0.0,-1.8,-9.3,-5.550000000000001
2018-10-27,47.94186,-71.382225,1.9,3.1,-17.2,-7.05
2018-10-28,47.94186,-71.382225,1.1,1.1,-3.9,-1.4
2018-10-29,47.94186,-71.382225,0.9,3.8,-0.6,1.5999999999999999
2018-10-30,47.94186,-71.382225,1.6,0.2,-1.7,-0.75
2018-10-31,47.94186,-71.382225,0.7,1.6,-3.2,-0.8
2018-11-01,47.94186,-71.382225,1.5,2.8,-0.9,0.95
2018-11-02,47.94186,-71.382225,3.0,1.9,-1.2,0.35
2018-11-03,47.94186,-71.382225,18.7,2.9,0.0,1.45
2018-11-04,47.94186,-71.382225,0.0,-1.0,-2.9,-1.95
2018-11-05,47.94186,-71.382225,3.6,1.5,-4.3,-1.4
2018-11-06,47.94186,-71.382225,8.6,6.1,-1.2,2.4499999999999997
2018-11-07,47.94186,-71.382225,13.3,4.6,1.7,3.15
2018-11-08,47.94186,-71.382225,1.9,1.0,-0.8,0.09999999999999998
2018-11-09,47.94186,-71.382225,0.6,-1.2,-4.6,-2.9
2018-11-10,47.94186,-71.382225,8.7,-0.3,-3.1,-1.7
2018-11-11,47.94186,-71.382225,0.0,-6.2,-10.0,-8.1
2018-11-12,47.94186,-71.382225,1.9,-2.9,-15.0,-8.95
2018-11-13,47.94186,-71.382225,5.7,0.1,-8.2,-4.05
2018-11-14,47.94186,-71.382225,0.9,-12.7,-17.9,-15.299999999999999
2018-11-15,47.94186,-71.382225,0.0,-5.3,-16.3,-10.8
2018-11-16,47.94186,-71.382225,6.1,-5.9,-11.6,-8.75
2018-11-17,47.94186,-71.382225,2.4,-4.1,-8.8,-6.45
2018-11-18,47.94186,-71.382225,2.6,-6.5,-15.7,-11.1
2018-11-19,47.94186,-71.382225,1.2,-5.5,-15.1,-10.3
2018-11-20,47.94186,-71.382225,1.0,-10.5,-23.3,-16.9
2018-11-21,47.94186,-71.382225,0.2,-11.7,-16.6,-14.15
2018-11-22,47.94186,-71.382225,0.3,-14.5,-20.8,-17.65
2018-11-23,47.94186,-71.382225,0.0,-6.0,-17.3,-11.65
2018-11-24,47.94186,-71.382225,0.0,1.7,-10.6,-4.45
2018-11-25,47.94186,-71.382225,2.1,1.2,-6.4,-2.6
2018-11-26,47.94186,-71.382225,0.0,1.6,-1.8,-0.09999999999999998
2018-11-27,47.94186,-71.382225,1.5,0.1,-2.5,-1.2
2018-11-28,47.94186,-71.382225,0.0,-0.3,-2.7,-1.5
2018-11-29,47.94186,-71.382225,0.0,-1.8,-4.6,-3.1999999999999997
2018-11-30,47.94186,-71.382225,0.0,-3.1,-7.0,-5.05
2018-12-01,47.94186,-71.382225,0.0,,-7.8,
2018-12-02,47.94186,-71.382225,10.3,-1.8,,
2018-12-03,47.94186,-71.382225,2.2,-4.9,-7.5,-6.2
2018-12-04,47.94186,-71.382225,1.0,-10.7,-11.8,-11.25
2018-12-05,47.94186,-71.382225,0.0,-7.4,-19.0,-13.2
2018-12-06,47.94186,-71.382225,2.0,-5.4,-13.7,-9.55
2018-12-07,47.94186,-71.382225,0.0,-13.9,-17.3,-15.600000000000001
2018-12-08,47.94186,-71.382225,0.0,-14.5,-27.7,-21.1
2018-12-09,47.94186,-71.382225,5.9,-9.1,-25.9,-17.5
2018-12-10,47.94186,-71.382225,0.0,-12.4,-16.6,-14.5
2018-12-11,47.94186,-71.382225,0.0,-11.6,-25.4,-18.5
2018-12-12,47.94186,-71.382225,0.0,-15.6,-29.7,-22.65
2018-12-13,47.94186,-71.382225,0.0,-2.9,-28.6,-15.75
2018-12-14,47.94186,-71.382225,3.1,-0.6,-16.4,-8.5
2018-12-15,47.94186,-71.382225,0.4,-0.4,-1.9,-1.15
2018-12-16,47.94186,-71.382225,0.0,1.0,-10.2,-4.6
2018-12-17,47.94186,-71.382225,3.2,-0.9,-6.8,-3.85
2018-12-18,47.94186,-71.382225,0.2,-9.3,-12.5,-10.9
2018-12-19,47.94186,-71.382225,0.0,-3.5,-14.7,-9.1
2018-12-20,47.94186,-71.382225,5.3,2.1,-8.1,-3.0
2018-12-21,47.94186,-71.382225,14.7,8.7,-1.4,3.6499999999999995
2018-12-22,47.94186,-71.382225,8.4,7.0,-6.8,0.10000000000000009
2018-12-23,47.94186,-71.382225,0.0,-10.3,-13.0,-11.65
2018-12-24,47.94186,-71.382225,0.0,-13.7,-17.6,-15.65
2018-12-25,47.94186,-71.382225,0.0,-15.2,-23.1,-19.15
2018-12-26,47.94186,-71.382225,0.2,-12.4,-25.5,-18.95
2018-12-27,47.94186,-71.382225,2.6,-7.2,-19.8,-13.5
2018-12-28,47.94186,-71.382225,8.9,1.1,-19.5,-9.2
2018-12-29,47.94186,-71.382225,0.0,-11.9,-18.5,-15.2
2018-12-30,47.94186,-71.382225,0.0,-9.8,-26.1,-17.950000000000003
2018-12-31,47.94186,-71.382225,7.3,-3.7,-13.6,-8.65
2019-01-01,47.94186,-71.382225,1.1,-5.7,-19.2,-12.45
2019-01-02,47.94186,-71.382225,0.0,-14.4,-32.5,-23.45
2019-01-03,47.94186,-71.382225,4.5,-5.0,-24.6,-14.8
2019-01-04,47.94186,-71.382225,1.5,-1.9,-9.7,-5.8
2019-01-05,47.94186,-71.382225,2.0,0.0,-3.5,-1.75
2019-01-06,47.94186,-71.382225,0.4,-9.4,-14.8,-12.100000000000001
2019-01-07,47.94186,-71.382225,0.9,-7.2,-29.7,-18.45
2019-01-08,47.94186,-71.382225,3.7,-3.4,-18.5,-10.95
2019-01-09,47.94186,-71.382225,8.2,-3.4,-5.8,-4.6
2019-01-10,47.94186,-71.382225,8.8,-6.2,-13.6,-9.9
2019-01-11,47.94186,-71.382225,0.4,-19.2,-22.5,-20.85
2019-01-12,47.94186,-71.382225,0.0,-18.6,-24.7,-21.65
2019-01-13,47.94186,-71.382225,0.0,-15.6,-19.9,-17.75
2019-01-14,47.94186,-71.382225,0.0,-8.3,-22.5,-15.4
2019-01-15,47.94186,-71.382225,1.5,-6.9,-18.4,-12.649999999999999
2019-01-16,47.94186,-71.382225,2.9,-4.5,-19.7,-12.1
2019-01-17,47.94186,-71.382225,0.2,-15.0,-34.9,-24.95
2019-01-18,47.94186,-71.382225,1.8,-9.3,-22.3,-15.8
2019-01-19,47.94186,-71.382225,2.0,-27.3,-36.2,-31.75
2019-01-20,47.94186,-71.382225,16.7,-22.6,-32.0,-27.3
2019-01-21,47.94186,-71.382225,3.6,-20.9,-24.9,-22.9
2019-01-22,47.94186,-71.382225,2.7,-9.5,-31.3,-20.4
2019-01-23,47.94186,-71.382225,9.0,-0.2,-21.5,-10.85
2019-01-24,47.94186,-71.382225,4.6,1.2,-8.7,-3.7499999999999996
2019-01-25,47.94186,-71.382225,0.5,-10.9,-14.7,-12.8
2019-01-26,47.94186,-71.382225,0.0,-18.4,-28.2,-23.299999999999997
2019-01-27,47.94186,-71.382225,2.6,-7.6,-31.9,-19.75
2019-01-28,47.94186,-71.382225,1.0,-17.7,-29.0,-23.35
2019-01-29,47.94186,-71.382225,2.2,-9.4,-32.8,-21.099999999999998
2019-01-30,47.94186,-71.382225,1.5,-9.5,-18.3,-13.9
2019-01-31,47.94186,-71.382225,0.0,-22.0,-25.0,-23.5
2019-02-01,47.94186,-71.382225,0.7,-16.7,-26.9,-21.799999999999997
2019-02-02,47.94186,-71.382225,2.8,-13.5,-21.6,-17.55
2019-02-03,47.94186,-71.382225,0.0,-5.1,-28.9,-17.0
2019-02-04,47.94186,-71.382225,12.4,2.6,-11.6,-4.5
2019-02-05,47.94186,-71.382225,1.9,2.4,-12.6,-5.1
2019-02-06,47.94186,-71.382225,2.6,-8.7,-21.5,-15.1
2019-02-07,47.94186,-71.382225,0.4,2.5,-12.0,-4.75
2019-02-08,47.94186,-71.382225,3.3,3.1,-7.0,-1.95
2019-02-09,47.94186,-71.382225,0.0,-13.6,-21.2,-17.4
2019-02-10,47.94186,-71.382225,0.3,-13.9,-19.3,-16.6
2019-02-11,47.94186,-71.382225,0.0,-18.0,-24.3,-21.15
2019-02-12,47.94186,-71.382225,2.4,-8.8,-30.4,-19.6
2019-02-13,47.94186,-71.382225,2.6,-7.1,-14.5,-10.8
2019-02-14,47.94186,-71.382225,0.2,-8.1,-15.6,-11.85
2019-02-15,47.94186,-71.382225,3.5,-3.6,-21.7,-12.65
2019-02-16,47.94186,-71.382225,0.2,-5.8,-12.1,-8.95
2019-02-17,47.94186,-71.382225,0.0,-14.1,-19.9,-17.0
2019-02-18,47.94186,-71.382225,0.0,-15.1,-24.2,-19.65
2019-02-19,47.94186,-71.382225,0.0,-14.7,-23.0,-18.85
2019-02-20,47.94186,-71.382225,2.7,-8.1,-30.5,-19.3
2019-02-21,47.94186,-71.382225,3.0,-4.8,-15.3,-10.05
2019-02-22,47.94186,-71.382225,0.0,-7.1,-13.5,-10.3
2019-02-23,47.94186,-71.382225,0.0,-3.8,-23.0,-13.4
2019-02-24,47.94186,-71.382225,5.1,-5.0,-16.0,-10.5
2019-02-25,47.94186,-71.382225,4.4,-2.8,-16.3,-9.55
2019-02-26,47.94186,-71.382225,0.0,-20.2,-24.7,-22.45
2019-02-27,47.94186,-71.382225,0.2,-16.0,-27.0,-21.5
2019-02-28,47.94186,-71.382225,0.0,-9.3,-31.6,-20.450000000000003
2019-03-01,47.94186,-71.382225,0.0,-4.8,-26.8,-15.8
2019-03-02,47.94186,-71.382225,0.2,-0.5,-19.6,-10.05
2019-03-03,47.94186,-71.382225,0.4,-2.2,-16.0,-9.1
2019-03-04,47.94186,-71.382225,0.0,-5.9,-11.8,-8.850000000000001
2019-03-05,47.94186,-71.382225,0.2,-11.9,-26.9,-19.4
2019-03-06,47.94186,-71.382225,1.3,-13.0,-27.5,-20.25
2019-03-07,47.94186,-71.382225,0.2,-13.6,-32.5,-23.05
2019-03-08,47.94186,-71.382225,0.4,-6.4,-25.5,-15.95
2019-03-09,47.94186,-71.382225,0.2,-7.5,-15.6,-11.55
2019-03-10,47.94186,-71.382225,4.2,-2.7,-24.7,-13.7
2019-03-11,47.94186,-71.382225,3.4,-1.1,-6.3,-3.7
2019-03-12,47.94186,-71.382225,0.0,-6.1,-13.4,-9.75
2019-03-13,47.94186,-71.382225,0.0,2.3,-18.3,-8.0
2019-03-14,47.94186,-71.382225,5.4,7.9,-7.4,0.25
2019-03-15,47.94186,-71.382225,3.4,9.6,1.7,5.6499999999999995
2019-03-16,47.94186,-71.382225,3.5,-5.0,-10.1,-7.55
2019-03-17,47.94186,-71.382225,0.2,-9.1,-15.1,-12.1
2019-03-18,47.94186,-71.382225,0.0,-8.0,-15.3,-11.65
2019-03-19,47.94186,-71.382225,0.0,-4.9,-25.9,-15.399999999999999
2019-03-20,47.94186,-71.382225,0.4,1.8,-19.9,-9.049999999999999
2019-03-21,47.94186,-71.382225,2.3,5.4,-5.0,0.20000000000000018
2019-03-22,47.94186,-71.382225,16.0,4.1,-0.9,1.5999999999999999
2019-03-23,47.94186,-71.382225,0.0,0.4,-8.4,-4.0
2019-03-24,47.94186,-71.382225,0.9,-1.2,-16.6,-8.9
2019-03-25,47.94186,-71.382225,1.0,-7.7,-28.1,-17.900000000000002
2019-03-26,47.94186,-71.382225,0.0,-6.0,-23.0,-14.5
2019-03-27,47.94186,-71.382225,0.0,5.2,-21.1,-7.950000000000001
2019-03-28,47.94186,-71.382225,3.5,4.0,-3.7,0.1499999999999999
2019-03-29,47.94186,-71.382225,0.0,-1.7,-7.6,-4.6499999999999995
2019-03-30,47.94186,-71.382225,18.1,-1.5,-19.4,-10.45
2019-03-31,47.94186,-71.382225,8.8,-0.6,-5.0,-2.8
2019-04-01,47.94186,-71.382225,1.2,-1.9,-13.7,-7.8
2019-04-02,47.94186,-71.382225,2.0,2.4,-9.4,-3.5
2019-04-03,47.94186,-71.382225,4.4,7.2,-2.4,2.4000000000000004
2019-04-04,47.94186,-71.382225,3.0,-7.4,-11.7,-9.55
2019-04-05,47.94186,-71.382225,4.2,1.3,-23.7,-11.2
2019-04-06,47.94186,-71.382225,2.2,2.4,-4.2,-0.9000000000000001
2019-04-07,47.94186,-71.382225,0.0,-0.6,-11.0,-5.8
2019-04-08,47.94186,-71.382225,7.0,-4.3,-15.4,-9.85
2019-04-09,47.94186,-71.382225,3.0,-2.6,-12.5,-7.55
2019-04-10,47.94186,-71.382225,0.0,1.0,-14.8,-6.9
2019-04-11,47.94186,-71.382225,0.0,7.0,-5.7,0.6499999999999999
2019-04-12,47.94186,-71.382225,2.5,10.1,-8.5,0.7999999999999998
2019-04-13,47.94186,-71.382225,0.0,11.7,2.6,7.1499999999999995
2019-04-14,47.94186,-71.382225,14.1,7.3,-1.8,2.75
2019-04-15,47.94186,-71.382225,11.7,2.5,-1.3,0.6
2019-04-16,47.94186,-71.382225,2.5,1.4,-2.9,-0.75
2019-04-17,47.94186,-71.382225,0.0,6.9,-11.4,-2.25
2019-04-18,47.94186,-71.382225,26.4,6.6,-6.7,-0.050000000000000266
2019-04-19,47.94186,-71.382225,7.1,3.5,0.7,2.1
2019-04-20,47.94186,-71.382225,0.0,13.6,-0.1,6.75
2019-04-21,47.94186,-71.382225,0.0,15.0,3.7,9.35
2019-04-22,47.94186,-71.382225,0.0,11.2,-3.0,4.1
2019-04-23,47.94186,-71.382225,7.5,12.7,-5.2,3.7499999999999996
2019-04-24,47.94186,-71.382225,4.8,1.7,-0.3,0.7
2019-04-25,47.94186,-71.382225,0.0,6.4,-2.4,2.0
2019-04-26,47.94186,-71.382225,1.0,11.9,0.2,6.05
2019-04-27,47.94186,-71.382225,1.7,7.0,2.5,4.75
2019-04-28,47.94186,-71.382225,0.4,-0.8,-4.9,-2.85
2019-04-29,47.94186,-71.382225,0.0,3.2,-7.6,-2.1999999999999997
2019-04-30,47.94186,-71.382225,0.0,3.9,-6.3,-1.2
2019-05-01,47.94186,-71.382225,0.0,5.7,-9.8,-2.0500000000000003
2019-05-02,47.94186,-71.382225,0.0,11.9,-1.8,5.05
2019-05-03,47.94186,-71.382225,1.9,10.4,-2.4,4.0
2019-05-04,47.94186,-71.382225,0.0,13.0,0.9,6.95
2019-05-05,47.94186,-71.382225,0.0,15.6,-5.2,5.199999999999999
2019-05-06,47.94186,-71.382225,4.5,18.9,-2.8,8.049999999999999
2019-05-07,47.94186,-71.382225,0.0,9.2,-0.2,4.5
2019-05-08,47.94186,-71.382225,0.0,3.7,-2.3,0.7000000000000002
2019-05-09,47.94186,-71.382225,3.6,12.8,-7.1,2.8500000000000005
2019-05-10,47.94186,-71.382225,13.1,7.2,3.4,5.3
2019-05-11,47.94186,-71.382225,0.0,6.1,0.1,3.0999999999999996
2019-05-12,47.94186,-71.382225,0.0,12.2,-3.8,4.199999999999999
2019-05-13,47.94186,-71.382225,0.0,13.1,-3.6,4.75
2019-05-14,47.94186,-71.382225,0.2,8.7,-1.7,3.4999999999999996
2019-05-15,47.94186,-71.382225,0.0,9.2,-0.1,4.55
2019-05-16,47.94186,-71.382225,0.0,13.8,0.5,7.15
2019-05-17,47.94186,-71.382225,2.0,14.8,-0.9,6.95
2019-05-18,47.94186,-71.382225,0.0,12.2,1.6,6.8999999999999995
2019-05-19,47.94186,-71.382225,13.0,10.5,1.5,6.0
2019-05-20,47.94186,-71.382225,17.3,15.6,6.0,10.8
2019-05-21,47.94186,-71.382225,7.2,6.9,2.7,4.800000000000001
2019-05-22,47.94186,-71.382225,0.0,14.2,1.4,7.8
2019-05-23,47.94186,-71.382225,8.5,14.2,1.6,7.8999999999999995
2019-05-24,47.94186,-71.382225,0.0,16.0,3.5,9.75
2019-05-25,47.94186,-71.382225,1.5,16.5,-0.8,7.85
2019-05-26,47.94186,-71.382225,0.4,19.2,8.7,13.95
2019-05-27,47.94186,-71.382225,0.0,9.3,0.3,4.800000000000001
2019-05-28,47.94186,-71.382225,0.0,15.5,-3.1,6.2
2019-05-29,47.94186,-71.382225,2.5,18.6,-1.5,8.55
2019-05-30,47.94186,-71.382225,19.7,17.1,3.3,10.200000000000001
2019-05-31,47.94186,-71.382225,0.2,10.1,-0.1,5.0
2019-06-01,47.94186,-71.382225,1.7,15.1,-1.1,7.0
2019-06-02,47.94186,-71.382225,14.1,10.6,2.2,6.4
2019-06-03,47.94186,-71.382225,6.5,13.1,5.1,9.1
2019-06-04,47.94186,-71.382225,3.7,10.3,2.9,6.6000000000000005
2019-06-05,47.94186,-71.382225,0.0,15.1,3.4,9.25
2019-06-06,47.94186,-71.382225,0.0,16.1,-0.1,8.0
2019-06-07,47.94186,-71.382225,3.3,13.3,-0.3,6.5
2019-06-08,47.94186,-71.382225,0.0,16.7,-1.5,7.6
2019-06-09,47.94186,-71.382225,0.0,26.8,3.3,15.05
2019-06-10,47.94186,-71.382225,1.2,30.3,8.5,19.4
2019-06-11,47.94186,-71.382225,5.3,17.1,7.5,12.3
2019-06-12,47.94186,-71.382225,0.0,20.8,2.3,11.55
2019-06-13,47.94186,-71.382225,0.2,20.7,5.0,12.85
2019-06-14,47.94186,-71.382225,2.4,15.6,8.6,12.1
2019-06-15,47.94186,-71.382225,17.4,13.7,6.0,9.85
2019-06-16,47.94186,-71.382225,0.0,13.6,6.9,10.25
2019-06-17,47.94186,-71.382225,0.0,17.3,5.1,11.2
2019-06-18,47.94186,-71.382225,0.0,22.3,2.2,12.25
2019-06-19,47.94186,-71.382225,12.4,19.4,4.7,12.049999999999999
2019-06-20,47.94186,-71.382225,0.0,17.8,9.0,13.4
2019-06-21,47.94186,-71.382225,0.0,21.8,3.2,12.5
2019-06-22,47.94186,-71.382225,0.0,21.8,3.9,12.85
2019-06-23,47.94186,-71.382225,0.0,21.1,7.6,14.350000000000001
2019-06-24,47.94186,-71.382225,0.0,19.2,0.6,9.9
2019-06-25,47.94186,-71.382225,2.6,22.1,1.7,11.9
2019-06-26,47.94186,-71.382225,1.3,25.1,13.0,19.05
2019-06-27,47.94186,-71.382225,1.4,24.5,12.0,18.25
2019-06-28,47.94186,-71.382225,4.9,25.2,8.0,16.6
2019-06-29,47.94186,-71.382225,0.5,23.9,12.6,18.25
2019-06-30,47.94186,-71.382225,3.3,23.5,10.5,17.0
2019-07-01,47.94186,-71.382225,9.9,25.3,7.2,16.25
2019-07-02,47.94186,-71.382225,7.2,22.9,12.3,17.6
2019-07-03,47.94186,-71.382225,0.0,23.6,7.7,15.65
2019-07-04,47.94186,-71.382225,0.0,30.2,9.5,19.85
2019-07-05,47.94186,-71.382225,18.1,30.2,14.0,22.1
2019-07-06,47.94186,-71.382225,0.4,22.0,15.3,18.65
2019-07-07,47.94186,-71.382225,0.0,20.3,3.1,11.700000000000001
2019-07-08,47.94186,-71.382225,0.7,23.8,4.1,13.95
2019-07-09,47.94186,-71.382225,0.0,23.6,4.9,14.25
2019-07-10,47.94186,-71.382225,0.0,25.0,5.6,15.3
2019-07-11,47.94186,-71.382225,6.6,25.0,14.1,19.55
2019-07-12,47.94186,-71.382225,2.3,21.7,15.5,18.6
2019-07-13,47.94186,-71.382225,16.0,25.3,13.0,19.15
2019-07-14,47.94186,-71.382225,1.2,17.3,13.6,15.45
2019-07-15,47.94186,-71.382225,0.0,23.7,9.7,16.7
2019-07-16,47.94186,-71.382225,6.5,24.8,9.1,16.95
2019-07-17,47.94186,-71.382225,0.0,21.7,14.8,18.25
2019-07-18,47.94186,-71.382225,0.0,24.2,1.6,12.9
2019-07-19,47.94186,-71.382225,0.2,26.2,9.1,17.65
2019-07-20,47.94186,-71.382225,6.3,,14.1,
2019-07-21,47.94186,-71.382225,0.0,,,
2019-07-22,47.94186,-71.382225,0.0,,,
2019-07-23,47.94186,-71.382225,0.0,,,
2019-07-24,47.94186,-71.382225,0.0,,,
2019-07-25,47.94186,-71.382225,0.0,,,
2019-07-26,47.94186,-71.382225,0.0,,,
2019-07-27,47.94186,-71.382225,1.7,,,
2019-07-28,47.94186,-71.382225,6.1,,,
2019-07-29,47.94186,-71.382225,0.0,,,
2019-07-30,47.94186,-71.382225,7.7,,,
2019-07-31,47.94186,-71.382225,0.0,,,
2019-08-01,47.94186,-71.382225,0.0,,,
2019-08-02,47.94186,-71.382225,2.9,,,
2019-08-03,47.94186,-71.382225,22.8,,,
2019-08-04,47.94186,-71.382225,0.0,,,
2019-08-05,47.94186,-71.382225,0.0,,,
2019-08-06,47.94186,-71.382225,0.0,,,
2019-08-07,47.94186,-71.382225,1.8,,,
2019-08-08,47.94186,-71.382225,4.3,,,
2019-08-09,47.94186,-71.382225,8.8,,,
2019-08-10,47.94186,-71.382225,12.1,,,
2019-08-11,47.94186,-71.382225,2.6,,,
2019-08-12,47.94186,-71.382225,3.3,,,
2019-08-13,47.94186,-71.382225,0.0,,,
2019-08-14,47.94186,-71.382225,0.0,,,
2019-08-15,47.94186,-71.382225,0.0,,,
2019-08-16,47.94186,-71.382225,0.0,,,
2019-08-17,47.94186,-71.382225,15.0,,,
2019-08-18,47.94186,-71.382225,1.3,,,
2019-08-19,47.94186,-71.382225,0.2,,,
2019-08-20,47.94186,-71.382225,0.0,,,
2019-08-21,47.94186,-71.382225,0.0,,,
2019-08-22,47.94186,-71.382225,1.7,,,
2019-08-23,47.94186,-71.382225,10.0,,,
2019-08-24,47.94186,-71.382225,0.0,,,
2019-08-25,47.94186,-71.382225,0.0,,,
2019-08-26,47.94186,-71.382225,0.0,,,
2019-08-27,47.94186,-71.382225,0.0,,,
2019-08-28,47.94186,-71.382225,10.7,,,
2019-08-29,47.94186,-71.382225,0.2,,,
2019-08-30,47.94186,-71.382225,6.0,,,
2019-08-31,47.94186,-71.382225,1.3,,,
2019-09-01,47.94186,-71.382225,0.2,,,
2019-09-02,47.94186,-71.382225,1.2,,,
2019-09-03,47.94186,-71.382225,17.3,17.3,,
2019-09-04,47.94186,-71.382225,37.1,19.2,,
2019-09-05,47.94186,-71.382225,0.5,16.2,,
2019-09-06,47.94186,-71.382225,0.0,17.7,,
2019-09-07,47.94186,-71.382225,0.0,16.9,,
2019-09-08,47.94186,-71.382225,0.9,17.1,,
2019-09-09,47.94186,-71.382225,0.0,14.8,,
2019-09-10,47.94186,-71.382225,7.8,16.8,-0.9,7.95
2019-09-11,47.94186,-71.382225,2.3,14.3,,
2019-09-12,47.94186,-71.382225,0.0,15.7,,
2019-09-13,47.94186,-71.382225,13.0,18.7,-1.7,8.5
2019-09-14,47.94186,-71.382225,5.4,15.6,8.0,11.8
2019-09-15,47.94186,-71.382225,2.4,15.8,,
2019-09-16,47.94186,-71.382225,2.8,13.9,,
2019-09-17,47.94186,-71.382225,0.0,14.9,,
2019-09-18,47.94186,-71.382225,0.0,16.6,-1.1,7.750000000000001
2019-09-19,47.94186,-71.382225,0.0,20.2,1.5,10.85
2019-09-20,47.94186,-71.382225,0.0,19.7,12.9,16.3
2019-09-21,47.94186,-71.382225,0.0,20.1,2.0,11.05
2019-09-22,47.94186,-71.382225,44.3,21.4,8.8,15.1
2019-09-23,47.94186,-71.382225,7.4,16.0,9.5,12.75
2019-09-24,47.94186,-71.382225,3.2,12.4,,
2019-09-25,47.94186,-71.382225,3.6,13.9,,
2019-09-26,47.94186,-71.382225,10.2,14.9,,
2019-09-27,47.94186,-71.382225,5.1,14.5,6.5,10.5
2019-09-28,47.94186,-71.382225,13.4,14.4,6.7,10.55
2019-09-29,47.94186,-71.382225,0.3,9.2,,
2019-09-30,47.94186,-71.382225,0.4,10.8,-1.0,4.9
2019-10-01,47.94186,-71.382225,2.7,13.7,1.0,7.35
2019-10-02,47.94186,-71.382225,0.4,7.1,,
2019-10-03,47.94186,-71.382225,0.0,9.1,,
2019-10-04,47.94186,-71.382225,1.1,7.8,,
2019-10-05,47.94186,-71.382225,0.0,9.5,-1.5,4.0
2019-10-06,47.94186,-71.382225,0.3,14.1,-2.0,6.05
2019-10-07,47.94186,-71.382225,2.5,15.3,,
2019-10-08,47.94186,-71.382225,2.6,11.8,2.5,7.15
2019-10-09,47.94186,-71.382225,0.0,16.0,-2.7,6.65
2019-10-10,47.94186,-71.382225,0.0,18.1,-1.8,8.15
2019-10-11,47.94186,-71.382225,0.0,19.8,-4.0,7.9
2019-10-12,47.94186,-71.382225,0.0,13.7,1.2,7.449999999999999
2019-10-13,47.94186,-71.382225,0.0,13.9,4.7,9.3
2019-10-14,47.94186,-71.382225,5.3,15.1,0.5,7.8
2019-10-15,47.94186,-71.382225,0.0,7.8,-0.1,3.85
2019-10-16,47.94186,-71.382225,0.7,12.1,1.3,6.7
2019-10-17,47.94186,-71.382225,21.1,6.3,2.5,4.4
2019-10-18,47.94186,-71.382225,14.6,6.6,,
2019-10-19,47.94186,-71.382225,0.2,5.8,2.0,3.9
2019-10-20,47.94186,-71.382225,0.2,11.9,-3.5,4.2
2019-10-21,47.94186,-71.382225,0.5,13.7,-1.6,6.05
2019-10-22,47.94186,-71.382225,7.0,12.0,-1.4,5.3
2019-10-23,47.94186,-71.382225,0.0,10.6,,
2019-10-24,47.94186,-71.382225,3.6,9.2,,
2019-10-25,47.94186,-71.382225,1.3,5.9,0.0,2.95
2019-10-26,47.94186,-71.382225,0.2,5.8,-1.8,2.0
2019-10-27,47.94186,-71.382225,6.0,5.3,-3.5,0.8999999999999999
2019-10-28,47.94186,-71.382225,0.0,9.4,2.8,6.1
2019-10-29,47.94186,-71.382225,0.5,11.8,6.0,8.9
2019-10-30,47.94186,-71.382225,8.5,9.2,4.0,6.6
2019-10-31,47.94186,-71.382225,46.1,7.0,1.0,4.0
2019-11-01,47.94186,-71.382225,2.6,5.0,-2.5,1.25
2019-11-02,47.94186,-71.382225,1.6,1.7,-4.8,-1.5499999999999998
2019-11-03,47.94186,-71.382225,0.9,3.5,-2.4,0.55
2019-11-04,47.94186,-71.382225,2.9,4.7,-3.2,0.75
2019-11-05,47.94186,-71.382225,0.9,5.1,-1.1,1.9999999999999998
2019-11-06,47.94186,-71.382225,1.1,-1.1,-5.4,-3.25
2019-11-07,47.94186,-71.382225,0.9,-0.2,-9.1,-4.6499999999999995
2019-11-08,47.94186,-71.382225,0.7,-5.6,-10.5,-8.05
2019-11-09,47.94186,-71.382225,2.2,-3.1,-11.0,-7.05
2019-11-10,47.94186,-71.382225,6.3,-1.3,-6.3,-3.8
2019-11-11,47.94186,-71.382225,8.1,-8.5,-14.8,-11.65
2019-11-12,47.94186,-71.382225,6.2,-7.1,-13.3,-10.2
2019-11-13,47.94186,-71.382225,1.1,-9.0,-11.4,-10.2
2019-11-14,47.94186,-71.382225,0.0,-3.8,-17.4,-10.6
2019-11-15,47.94186,-71.382225,3.8,-2.6,-13.7,-8.15
2019-11-16,47.94186,-71.382225,0.3,-8.8,-19.8,-14.3
2019-11-17,47.94186,-71.382225,0.0,0.5,-20.7,-10.1
2019-11-18,47.94186,-71.382225,0.0,3.1,-17.9,-7.3999999999999995
2019-11-19,47.94186,-71.382225,0.0,2.8,-8.6,-2.9
2019-11-20,47.94186,-71.382225,0.2,3.4,-2.7,0.34999999999999987
2019-11-21,47.94186,-71.382225,1.3,1.7,-10.5,-4.4
2019-11-22,47.94186,-71.382225,11.4,1.0,-5.0,-2.0
2019-11-23,47.94186,-71.382225,0.0,-6.1,-14.9,-10.5
2019-11-24,47.94186,-71.382225,0.0,2.8,-12.5,-4.85
2019-11-25,47.94186,-71.382225,0.0,-0.5,-10.0,-5.25
2019-11-26,47.94186,-71.382225,11.0,2.6,-2.7,-0.050000000000000044
2019-11-27,47.94186,-71.382225,0.6,0.7,-3.1,-1.2000000000000002
2019-11-28,47.94186,-71.382225,0.9,-4.7,-7.0,-5.85
2019-11-29,47.94186,-71.382225,0.0,-11.0,-13.6,-12.3
2019-11-30,47.94186,-71.382225,0.0,-12.4,-15.9,-14.15
2019-12-01,47.94186,-71.382225,0.0,-5.4,-20.9,-13.149999999999999
2019-12-02,47.94186,-71.382225,0.0,-3.9,-22.2,-13.049999999999999
2019-12-03,47.94186,-71.382225,0.0,-4.5,-19.9,-12.2
2019-12-04,47.94186,-71.382225,0.0,-4.0,-19.8,-11.9
2019-12-05,47.94186,-71.382225,1.3,-4.5,-11.6,-8.05
2019-12-06,47.94186,-71.382225,1.2,-6.3,-10.6,-8.45
2019-12-07,47.94186,-71.382225,0.0,-11.1,-13.0,-12.05
2019-12-08,47.94186,-71.382225,1.4,-1.6,-14.0,-7.8
2019-12-09,47.94186,-71.382225,8.4,5.3,-5.3,0.0
2019-12-10,47.94186,-71.382225,1.2,5.7,-9.2,-1.7499999999999996
2019-12-11,47.94186,-71.382225,,,,
2019-12-12,47.94186,-71.382225,,,,
2019-12-13,47.94186,-71.382225,0.0,-1.5,,
2019-12-14,47.94186,-71.382225,3.0,4.1,-7.0,-1.4500000000000002
2019-12-15,47.94186,-71.382225,6.7,-2.7,-12.8,-7.75
2019-12-16,47.94186,-71.382225,0.0,-9.3,-22.7,-16.0
2019-12-17,47.94186,-71.382225,0.0,-8.4,-15.1,-11.75
2019-12-18,47.94186,-71.382225,0.0,-9.4,-18.4,-13.899999999999999
2019-12-19,47.94186,-71.382225,0.0,-15.3,-20.7,-18.0
2019-12-20,47.94186,-71.382225,0.0,-11.1,-17.4,-14.25
2019-12-21,47.94186,-71.382225,2.0,-6.5,-22.6,-14.55
2019-12-22,47.94186,-71.382225,1.4,-2.8,-15.7,-9.25
2019-12-23,47.94186,-71.382225,0.4,1.1,-5.9,-2.4000000000000004
2019-12-24,47.94186,-71.382225,0.0,-10.5,-14.4,-12.45
2019-12-25,47.94186,-71.382225,0.0,-9.7,-17.7,-13.7
2019-12-26,47.94186,-71.382225,1.0,-1.3,-25.1,-13.200000000000001
2019-12-27,47.94186,-71.382225,5.0,1.4,-17.8,-8.200000000000001
2019-12-28,47.94186,-71.382225,3.3,-2.4,-5.7,-4.05
2019-12-29,47.94186,-71.382225,0.0,-7.0,-8.6,-7.8
2019-12-30,47.94186,-71.382225,3.7,-6.0,-18.6,-12.3
2019-12-31,47.94186,-71.382225,1.0,-3.8,-8.2,-6.0
2020-01-01,47.94186,-71.382225,0.9,-4.0,-8.0,-6.0
2020-01-02,47.94186,-71.382225,1.4,-0.8,-8.0,-4.4
2020-01-03,47.94186,-71.382225,0.6,1.7,-6.0,-2.15
2020-01-04,47.94186,-71.382225,0.0,-5.5,-8.1,-6.8
2020-01-05,47.94186,-71.382225,0.0,-12.9,-15.4,-14.15
2020-01-06,47.94186,-71.382225,0.6,-7.1,-19.2,-13.149999999999999
2020-01-07,47.94186,-71.382225,0.2,-9.1,-13.8,-11.45
2020-01-08,47.94186,-71.382225,2.2,-3.4,-13.7,-8.549999999999999
2020-01-09,47.94186,-71.382225,3.4,-7.2,-23.8,-15.5
2020-01-10,47.94186,-71.382225,1.9,2.6,-19.9,-8.649999999999999
2020-01-11,47.94186,-71.382225,19.6,2.0,-8.1,-3.05
2020-01-12,47.94186,-71.382225,14.1,-13.0,-16.0,-14.5
2020-01-13,47.94186,-71.382225,0.9,-11.3,-26.2,-18.75
2020-01-14,47.94186,-71.382225,2.0,-8.6,-23.4,-16.0
2020-01-15,47.94186,-71.382225,0.8,-7.1,-14.6,-10.85
2020-01-16,47.94186,-71.382225,0.7,-8.7,-17.3,-13.0
2020-01-17,47.94186,-71.382225,0.0,-19.4,-30.3,-24.85
2020-01-18,47.94186,-71.382225,2.9,-15.6,-32.9,-24.25
2020-01-19,47.94186,-71.382225,0.0,-12.1,-20.5,-16.3
2020-01-20,47.94186,-71.382225,0.0,-16.3,-28.4,-22.35
2020-01-21,47.94186,-71.382225,0.6,-9.6,-19.8,-14.7
2020-01-22,47.94186,-71.382225,1.5,-3.9,-12.8,-8.35
2020-01-23,47.94186,-71.382225,0.7,-2.5,-7.0,-4.75
2020-01-24,47.94186,-71.382225,0.0,-3.2,-12.0,-7.6
2020-01-25,47.94186,-71.382225,4.8,3.7,-15.4,-5.85
2020-01-26,47.94186,-71.382225,2.6,2.2,-3.1,-0.44999999999999996
2020-01-27,47.94186,-71.382225,0.7,-2.6,-4.8,-3.7
2020-01-28,47.94186,-71.382225,0.0,-5.9,-16.0,-10.95
2020-01-29,47.94186,-71.382225,0.0,-13.6,-27.6,-20.6
2020-01-30,47.94186,-71.382225,0.0,-5.3,-28.5,-16.9
2020-01-31,47.94186,-71.382225,0.2,-2.4,-25.3,-13.85
2020-02-01,47.94186,-71.382225,0.0,-5.0,-17.3,-11.15
2020-02-02,47.94186,-71.382225,0.2,-1.9,-11.2,-6.55
2020-02-03,47.94186,-71.382225,4.9,-2.7,-8.4,-5.550000000000001
2020-02-04,47.94186,-71.382225,1.0,-3.4,-11.4,-7.4
2020-02-05,47.94186,-71.382225,0.0,-12.9,-20.8,-16.85
2020-02-06,47.94186,-71.382225,8.0,-7.9,-22.7,-15.3
2020-02-07,47.94186,-71.382225,6.8,-10.1,-14.3,-12.2
2020-02-08,47.94186,-71.382225,0.0,-16.6,-24.1,-20.35
2020-02-09,47.94186,-71.382225,2.9,-6.7,-31.8,-19.25
2020-02-10,47.94186,-71.382225,0.0,-1.2,-13.9,-7.55
2020-02-11,47.94186,-71.382225,1.4,-2.0,-7.2,-4.6
2020-02-12,47.94186,-71.382225,2.6,-3.1,-8.9,-6.0
2020-02-13,47.94186,-71.382225,0.0,-17.3,-22.9,-20.1
2020-02-14,47.94186,-71.382225,0.0,-21.1,-35.4,-28.25
2020-02-15,47.94186,-71.382225,3.0,-7.1,-34.3,-20.7
2020-02-16,47.94186,-71.382225,2.2,-3.5,-13.7,-8.6
2020-02-17,47.94186,-71.382225,0.0,-13.2,-23.7,-18.45
2020-02-18,47.94186,-71.382225,5.0,-1.9,-27.9,-14.899999999999999
2020-02-19,47.94186,-71.382225,0.4,-10.7,-18.3,-14.5
2020-02-20,47.94186,-71.382225,0.0,-18.0,-33.2,-25.6
2020-02-21,47.94186,-71.382225,0.0,-6.8,-30.5,-18.65
2020-02-22,47.94186,-71.382225,0.0,-0.2,-11.1,-5.6499999999999995
2020-02-23,47.94186,-71.382225,0.0,3.3,-12.5,-4.6
2020-02-24,47.94186,-71.382225,0.0,7.1,-6.9,0.09999999999999964
2020-02-25,47.94186,-71.382225,0.0,1.8,-5.3,-1.75
2020-02-26,47.94186,-71.382225,0.0,1.0,-17.1,-8.05
2020-02-27,47.94186,-71.382225,9.7,-2.7,-8.5,-5.6
2020-02-28,47.94186,-71.382225,0.7,-10.4,-13.6,-12.0
2020-02-29,47.94186,-71.382225,2.1,-6.7,-25.1,-15.9
2020-03-01,47.94186,-71.382225,0.0,-5.9,-17.6,-11.75
2020-03-02,47.94186,-71.382225,0.0,-0.7,-19.3,-10.0
2020-03-03,47.94186,-71.382225,4.0,4.7,-3.2,0.75
2020-03-04,47.94186,-71.382225,10.2,1.2,-5.4,-2.1
2020-03-05,47.94186,-71.382225,0.0,-2.2,-12.5,-7.35
2020-03-06,47.94186,-71.382225,0.0,-3.6,-19.5,-11.55
2020-03-07,47.94186,-71.382225,1.4,-3.1,-30.0,-16.55
2020-03-08,47.94186,-71.382225,11.1,0.0,-17.9,-8.95
2020-03-09,47.94186,-71.382225,14.5,1.6,-9.8,-4.1000000000000005
2020-03-10,47.94186,-71.382225,18.7,4.8,-7.0,-1.1
2020-03-11,47.94186,-71.382225,0.0,-8.6,-15.4,-12.0
2020-03-12,47.94186,-71.382225,0.0,0.2,-24.6,-12.200000000000001
2020-03-13,47.94186,-71.382225,8.7,1.5,-6.5,-2.5
2020-03-14,47.94186,-71.382225,0.4,-5.8,-9.6,-7.699999999999999
2020-03-15,47.94186,-71.382225,0.0,-8.5,-15.5,-12.0
2020-03-16,47.94186,-71.382225,1.7,-2.1,-32.1,-17.1
2020-03-17,47.94186,-71.382225,5.7,0.1,-8.3,-4.1000000000000005
2020-03-18,47.94186,-71.382225,0.0,-5.2,-14.4,-9.8
2020-03-19,47.94186,-71.382225,0.3,6.5,-18.6,-6.050000000000001
2020-03-20,47.94186,-71.382225,19.4,6.2,1.0,3.6
2020-03-21,47.94186,-71.382225,0.0,-9.8,-17.9,-13.85
2020-03-22,47.94186,-71.382225,0.0,-6.5,-24.6,-15.55
2020-03-23,47.94186,-71.382225,0.0,1.1,-23.7,-11.299999999999999
2020-03-24,47.94186,-71.382225,0.0,3.9,-4.6,-0.34999999999999987
2020-03-25,47.94186,-71.382225,0.0,6.7,-15.8,-4.550000000000001
2020-03-26,47.94186,-71.382225,13.5,5.5,-2.1,1.7
2020-03-27,47.94186,-71.382225,0.7,0.2,-3.5,-1.65
2020-03-28,47.94186,-71.382225,0.4,5.2,-17.2,-6.0
2020-03-29,47.94186,-71.382225,5.7,7.2,-9.8,-1.3000000000000003
2020-03-30,47.94186,-71.382225,0.0,1.1,-2.1,-0.5
2020-03-31,47.94186,-71.382225,0.0,5.4,-10.6,-2.5999999999999996
2020-04-01,47.94186,-71.382225,1.1,3.4,-1.4,1.0
2020-04-02,47.94186,-71.382225,2.3,5.0,-1.6,1.7
2020-04-03,47.94186,-71.382225,0.0,8.1,3.1,5.6
2020-04-04,47.94186,-71.382225,0.0,7.9,-3.3,2.3000000000000003
2020-04-05,47.94186,-71.382225,4.5,7.5,1.1,4.3
2020-04-06,47.94186,-71.382225,0.0,5.2,-6.8,-0.7999999999999998
2020-04-07,47.94186,-71.382225,0.0,1.8,-6.0,-2.1
2020-04-08,47.94186,-71.382225,0.0,4.4,-15.5,-5.55
2020-04-09,47.94186,-71.382225,1.1,4.2,-11.9,-3.85
2020-04-10,47.94186,-71.382225,1.7,4.8,-1.1,1.8499999999999999
2020-04-11,47.94186,-71.382225,0.8,3.7,-2.7,0.5
2020-04-12,47.94186,-71.382225,2.5,7.1,-11.6,-2.25
2020-04-13,47.94186,-71.382225,10.3,9.3,1.8,5.550000000000001
2020-04-14,47.94186,-71.382225,1.0,3.5,-2.3,0.6000000000000001
2020-04-15,47.94186,-71.382225,5.5,1.6,-7.9,-3.1500000000000004
2020-04-16,47.94186,-71.382225,0.6,-0.5,-14.1,-7.3
2020-04-17,47.94186,-71.382225,0.5,0.5,-17.8,-8.65
2020-04-18,47.94186,-71.382225,0.0,5.4,-16.8,-5.7
2020-04-19,47.94186,-71.382225,7.5,5.9,-4.3,0.8000000000000003
2020-04-20,47.94186,-71.382225,0.0,0.4,-14.4,-7.0
2020-04-21,47.94186,-71.382225,2.3,7.2,-16.4,-4.6
2020-04-22,47.94186,-71.382225,3.0,-7.2,-9.7,-8.45
2020-04-23,47.94186,-71.382225,0.0,2.2,-13.8,-5.800000000000001
2020-04-24,47.94186,-71.382225,0.0,6.5,-18.0,-5.75
2020-04-25,47.94186,-71.382225,0.0,8.5,-14.2,-2.8499999999999996
2020-04-26,47.94186,-71.382225,0.0,9.1,-10.0,-0.4500000000000002
2020-04-27,47.94186,-71.382225,0.0,9.2,-9.3,-0.05000000000000071
2020-04-28,47.94186,-71.382225,0.0,11.7,-5.1,3.3
2020-04-29,47.94186,-71.382225,1.4,13.0,-5.1,3.95
2020-04-30,47.94186,-71.382225,3.9,10.2,4.5,7.35
2020-05-01,47.94186,-71.382225,5.7,10.7,3.0,6.85
2020-05-02,47.94186,-71.382225,0.4,12.6,2.5,7.55
2020-05-03,47.94186,-71.382225,6.6,10.0,0.4,5.2
2020-05-04,47.94186,-71.382225,8.7,4.9,3.2,4.050000000000001
2020-05-05,47.94186,-71.382225,0.0,6.0,1.8,3.9
2020-05-06,47.94186,-71.382225,0.0,10.0,-3.3,3.35
2020-05-07,47.94186,-71.382225,8.6,11.5,-7.1,2.2
2020-05-08,47.94186,-71.382225,0.0,3.9,-4.7,-0.40000000000000013
2020-05-09,47.94186,-71.382225,0.2,4.7,-10.2,-2.7499999999999996
2020-05-10,47.94186,-71.382225,4.0,4.1,-5.3,-0.6000000000000001
2020-05-11,47.94186,-71.382225,0.0,7.4,-3.6,1.9000000000000001
2020-05-12,47.94186,-71.382225,0.0,5.3,-7.2,-0.9500000000000002
2020-05-13,47.94186,-71.382225,0.0,8.8,-7.1,0.8500000000000005
2020-05-14,47.94186,-71.382225,0.0,13.5,-7.1,3.2
2020-05-15,47.94186,-71.382225,4.1,12.5,-0.4,6.05
2020-05-16,47.94186,-71.382225,0.0,15.7,1.8,8.75
2020-05-17,47.94186,-71.382225,0.0,13.1,-2.7,5.199999999999999
2020-05-18,47.94186,-71.382225,0.0,12.0,-5.6,3.2
2020-05-19,47.94186,-71.382225,0.0,15.5,-4.5,5.5
2020-05-20,47.94186,-71.382225,0.0,19.8,-2.2,8.8
2020-05-21,47.94186,-71.382225,0.0,23.1,0.6,11.850000000000001
2020-05-22,47.94186,-71.382225,0.0,17.9,0.9,9.399999999999999
2020-05-23,47.94186,-71.382225,0.0,15.2,-3.2,6.0
2020-05-24,47.94186,-71.382225,0.0,23.4,-1.6,10.899999999999999
2020-05-25,47.94186,-71.382225,0.0,21.5,3.3,12.4
2020-05-26,47.94186,-71.382225,19.7,24.9,7.8,16.349999999999998
2020-05-27,47.94186,-71.382225,2.3,28.1,9.1,18.6
2020-05-28,47.94186,-71.382225,2.3,28.7,11.2,19.95
2020-05-29,47.94186,-71.382225,11.9,24.2,16.4,20.299999999999997
2020-05-30,47.94186,-71.382225,13.4,13.0,6.9,9.95
2020-05-31,47.94186,-71.382225,0.2,2.2,-1.6,0.30000000000000004
2020-06-01,47.94186,-71.382225,0.0,7.8,-1.8,3.0
2020-06-02,47.94186,-71.382225,0.0,14.9,-3.1,5.9
2020-06-03,47.94186,-71.382225,1.2,15.2,-0.7,7.25
2020-06-04,47.94186,-71.382225,1.2,17.8,1.3,9.55
2020-06-05,47.94186,-71.382225,2.6,22.4,2.7,12.549999999999999
2020-06-06,47.94186,-71.382225,0.6,15.4,7.3,11.35
2020-06-07,47.94186,-71.382225,0.0,16.5,0.5,8.5
2020-06-08,47.94186,-71.382225,0.0,16.1,4.4,10.25
2020-06-09,47.94186,-71.382225,0.2,17.7,5.0,11.35
2020-06-10,47.94186,-71.382225,0.7,21.6,-0.8,10.4
2020-06-11,47.94186,-71.382225,2.3,22.9,13.0,17.95
2020-06-12,47.94186,-71.382225,7.1,18.6,7.2,12.9
2020-06-13,47.94186,-71.382225,1.0,12.1,3.0,7.55
2020-06-14,47.94186,-71.382225,0.0,18.4,-1.9,8.25
2020-06-15,47.94186,-71.382225,0.0,21.8,1.1,11.450000000000001
2020-06-16,47.94186,-71.382225,0.0,25.2,4.4,14.8
2020-06-17,47.94186,-71.382225,0.0,28.0,7.3,17.65
2020-06-18,47.94186,-71.382225,0.0,31.6,11.4,21.5
2020-06-19,47.94186,-71.382225,0.0,30.9,11.7,21.299999999999997
2020-06-20,47.94186,-71.382225,0.0,31.5,11.4,21.45
2020-06-21,47.94186,-71.382225,0.0,31.1,14.4,22.75
2020-06-22,47.94186,-71.382225,0.0,29.8,15.5,22.65
2020-06-23,47.94186,-71.382225,22.0,30.4,16.4,23.4
2020-06-24,47.94186,-71.382225,1.7,21.9,17.2,19.549999999999997
2020-06-25,47.94186,-71.382225,0.0,19.5,10.0,14.75
2020-06-26,47.94186,-71.382225,8.2,20.7,10.1,15.399999999999999
2020-06-27,47.94186,-71.382225,16.8,19.8,9.3,14.55
2020-06-28,47.94186,-71.382225,77.4,20.7,13.5,17.1
2020-06-29,47.94186,-71.382225,0.0,22.9,13.3,18.1
2020-06-30,47.94186,-71.382225,0.0,22.5,8.8,15.65
2020-07-01,47.94186,-71.382225,0.0,29.5,9.3,19.4
2020-07-02,47.94186,-71.382225,0.0,24.8,11.8,18.3
2020-07-03,47.94186,-71.382225,0.0,25.3,9.0,17.15
2020-07-04,47.94186,-71.382225,0.0,23.0,5.7,14.35
2020-07-05,47.94186,-71.382225,0.0,21.2,7.6,14.399999999999999
2020-07-06,47.94186,-71.382225,0.0,23.8,5.2,14.5
2020-07-07,47.94186,-71.382225,12.8,25.8,11.3,18.55
2020-07-08,47.94186,-71.382225,0.0,26.1,15.7,20.9
2020-07-09,47.94186,-71.382225,5.9,29.0,13.8,21.4
2020-07-10,47.94186,-71.382225,0.0,31.4,14.4,22.9
2020-07-11,47.94186,-71.382225,16.2,25.5,18.2,21.85
2020-07-12,47.94186,-71.382225,12.0,23.4,17.2,20.299999999999997
2020-07-13,47.94186,-71.382225,1.5,18.0,14.4,16.2
2020-07-14,47.94186,-71.382225,0.0,19.8,12.4,16.1
2020-07-15,47.94186,-71.382225,0.0,22.7,4.5,13.6
2020-07-16,47.94186,-71.382225,24.9,21.6,11.5,16.55
2020-07-17,47.94186,-71.382225,10.1,21.5,14.6,18.05
2020-07-18,47.94186,-71.382225,0.5,24.6,13.4,19.0
2020-07-19,47.94186,-71.382225,4.3,23.4,13.2,18.299999999999997
2020-07-20,47.94186,-71.382225,1.1,22.5,17.9,20.2
2020-07-21,47.94186,-71.382225,0.0,19.9,11.0,15.45
2020-07-22,47.94186,-71.382225,2.7,23.9,7.9,15.899999999999999
2020-07-23,47.94186,-71.382225,0.0,21.9,12.8,17.35
2020-07-24,47.94186,-71.382225,0.0,25.8,8.4,17.1
2020-07-25,47.94186,-71.382225,19.5,25.2,12.8,19.0
2020-07-26,47.94186,-71.382225,0.0,22.9,16.1,19.5
2020-07-27,47.94186,-71.382225,6.5,26.2,16.8,21.5
2020-07-28,47.94186,-71.382225,1.5,24.7,17.9,21.299999999999997
2020-07-29,47.94186,-71.382225,29.8,24.3,12.0,18.15
2020-07-30,47.94186,-71.382225,0.4,20.7,12.8,16.75
2020-07-31,47.94186,-71.382225,1.9,23.1,12.1,17.6
2020-08-01,47.94186,-71.382225,0.0,26.6,10.4,18.5
2020-08-02,47.94186,-71.382225,17.0,27.5,12.5,20.0
2020-08-03,47.94186,-71.382225,8.8,19.6,15.7,17.65
2020-08-04,47.94186,-71.382225,24.3,22.3,12.2,17.25
2020-08-05,47.94186,-71.382225,1.5,20.8,15.1,17.95
2020-08-06,47.94186,-71.382225,0.0,19.3,12.0,15.65
2020-08-07,47.94186,-71.382225,0.0,24.0,8.0,16.0
2020-08-08,47.94186,-71.382225,0.0,25.5,12.1,18.8
2020-08-09,47.94186,-71.382225,0.0,25.4,11.8,18.6
2020-08-10,47.94186,-71.382225,0.0,25.8,11.1,18.45
2020-08-11,47.94186,-71.382225,11.9,28.3,16.1,22.200000000000003
2020-08-12,47.94186,-71.382225,0.0,24.8,14.3,19.55
2020-08-13,47.94186,-71.382225,0.0,22.3,9.8,16.05
2020-08-14,47.94186,-71.382225,0.0,23.4,5.8,14.6
2020-08-15,47.94186,-71.382225,0.0,24.5,7.8,16.15
2020-08-16,47.94186,-71.382225,0.0,24.9,10.1,17.5
2020-08-17,47.94186,-71.382225,1.2,20.2,10.2,15.2
2020-08-18,47.94186,-71.382225,14.4,18.4,9.6,14.0
2020-08-19,47.94186,-71.382225,10.5,15.7,10.9,13.3
2020-08-20,47.94186,-71.382225,1.2,16.9,7.9,12.399999999999999
2020-08-21,47.94186,-71.382225,0.0,18.6,10.5,14.55
2020-08-22,47.94186,-71.382225,0.0,19.8,4.7,12.25
2020-08-23,47.94186,-71.382225,0.0,21.7,9.3,15.5
2020-08-24,47.94186,-71.382225,14.4,23.8,8.3,16.05
2020-08-25,47.94186,-71.382225,9.4,16.8,11.2,14.0
2020-08-26,47.94186,-71.382225,2.0,9.9,7.1,8.5
2020-08-27,47.94186,-71.382225,0.0,15.3,5.7,10.5
2020-08-28,47.94186,-71.382225,0.0,15.3,7.7,11.5
2020-08-29,47.94186,-71.382225,16.7,14.0,4.6,9.3
2020-08-30,47.94186,-71.382225,5.0,11.7,7.5,9.6
2020-08-31,47.94186,-71.382225,0.0,14.0,7.7,10.85
2020-09-01,47.94186,-71.382225,0.0,21.2,5.0,13.1
2020-09-02,47.94186,-71.382225,14.4,17.4,14.5,15.95
2020-09-03,47.94186,-71.382225,0.0,19.5,10.5,15.0
2020-09-04,47.94186,-71.382225,0.5,16.3,10.4,13.350000000000001
2020-09-05,47.94186,-71.382225,3.9,13.9,6.3,10.1
2020-09-06,47.94186,-71.382225,0.0,15.5,6.2,10.85
2020-09-07,47.94186,-71.382225,3.5,17.7,6.9,12.3
2020-09-08,47.94186,-71.382225,0.0,15.0,8.2,11.6
2020-09-09,47.94186,-71.382225,5.7,9.5,7.4,8.45
2020-09-10,47.94186,-71.382225,8.6,8.5,7.0,7.75
2020-09-11,47.94186,-71.382225,0.3,12.9,6.6,9.75
2020-09-12,47.94186,-71.382225,0.0,17.1,2.7,9.9
2020-09-13,47.94186,-71.382225,16.4,14.7,9.3,12.0
2020-09-14,47.94186,-71.382225,0.0,10.4,6.5,8.45
2020-09-15,47.94186,-71.382225,5.3,10.4,4.0,7.2
2020-09-16,47.94186,-71.382225,30.6,13.6,6.3,9.95
2020-09-17,47.94186,-71.382225,0.0,7.9,4.3,6.1
2020-09-18,47.94186,-71.382225,4.4,9.5,-2.2,3.65
2020-09-19,47.94186,-71.382225,2.2,6.5,0.6,3.55
2020-09-20,47.94186,-71.382225,0.0,9.6,-1.9,3.8499999999999996
2020-09-21,47.94186,-71.382225,0.0,13.8,0.3,7.050000000000001
2020-09-22,47.94186,-71.382225,0.0,17.4,1.1,9.25
2020-09-23,47.94186,-71.382225,4.6,14.4,2.5,8.45
2020-09-24,47.94186,-71.382225,0.0,10.3,3.6,6.95
2020-09-25,47.94186,-71.382225,0.0,15.2,-3.0,6.1
2020-09-26,47.94186,-71.382225,0.2,20.8,1.4,11.1
2020-09-27,47.94186,-71.382225,0.0,20.7,12.2,16.45
2020-09-28,47.94186,-71.382225,0.5,22.2,15.4,18.8
2020-09-29,47.94186,-71.382225,30.8,18.9,12.1,15.5
2020-09-30,47.94186,-71.382225,13.8,10.3,7.7,9.0
2020-10-01,47.94186,-71.382225,7.8,11.9,7.3,9.6
2020-10-02,47.94186,-71.382225,11.2,6.6,4.1,5.35
2020-10-03,47.94186,-71.382225,0.8,5.0,-1.1,1.95
2020-10-04,47.94186,-71.382225,4.1,8.0,-4.5,1.75
2020-10-05,47.94186,-71.382225,0.0,8.3,2.0,5.15
2020-10-06,47.94186,-71.382225,3.4,10.7,2.7,6.699999999999999
2020-10-07,47.94186,-71.382225,12.3,9.5,6.6,8.05
2020-10-08,47.94186,-71.382225,0.9,0.8,-1.8,-0.5
2020-10-09,47.94186,-71.382225,5.7,7.7,-2.7,2.5
2020-10-10,47.94186,-71.382225,9.5,12.9,0.4,6.65
2020-10-11,47.94186,-71.382225,0.0,2.4,-2.8,-0.19999999999999996
2020-10-12,47.94186,-71.382225,0.0,10.5,-5.3,2.6
2020-10-13,47.94186,-71.382225,2.8,12.9,-1.5,5.7
2020-10-14,47.94186,-71.382225,1.0,9.2,4.6,6.8999999999999995
2020-10-15,47.94186,-71.382225,12.2,14.1,-1.0,6.55
2020-10-16,47.94186,-71.382225,8.5,6.8,4.7,5.75
2020-10-17,47.94186,-71.382225,0.5,2.5,-0.4,1.05
2020-10-18,47.94186,-71.382225,0.6,8.7,-2.4,3.1499999999999995
2020-10-19,47.94186,-71.382225,20.1,7.0,3.8,5.4
2020-10-20,47.94186,-71.382225,2.1,1.8,-0.3,0.75
2020-10-21,47.94186,-71.382225,7.5,10.0,-3.0,3.5
2020-10-22,47.94186,-71.382225,3.3,6.9,1.0,3.95
2020-10-23,47.94186,-71.382225,14.3,14.6,2.1,8.35
2020-10-24,47.94186,-71.382225,0.3,2.9,-1.4,0.75
2020-10-25,47.94186,-71.382225,0.0,-0.3,-5.4,-2.85
2020-10-26,47.94186,-71.382225,8.4,-0.5,-5.0,-2.75
2020-10-27,47.94186,-71.382225,0.0,-4.9,-6.8,-5.85
2020-10-28,47.94186,-71.382225,2.2,-0.2,-9.9,-5.05
2020-10-29,47.94186,-71.382225,0.0,-3.1,-6.2,-4.65
2020-10-30,47.94186,-71.382225,0.0,-6.5,-15.3,-10.9
2020-10-31,47.94186,-71.382225,0.0,-1.7,-16.8,-9.25
2020-11-01,47.94186,-71.382225,2.4,4.1,-6.1,-1.0
2020-11-02,47.94186,-71.382225,3.6,-3.7,-8.3,-6.0
2020-11-03,47.94186,-71.382225,0.0,-5.9,-12.6,-9.25
2020-11-04,47.94186,-71.382225,0.4,4.7,-17.2,-6.25
2020-11-05,47.94186,-71.382225,0.0,11.1,-2.7,4.199999999999999
2020-11-06,47.94186,-71.382225,0.0,12.4,-1.7,5.3500000000000005
2020-11-07,47.94186,-71.382225,0.0,9.6,3.1,6.35
2020-11-08,47.94186,-71.382225,0.0,8.8,3.1,5.95
2020-11-09,47.94186,-71.382225,0.0,14.8,-0.9,6.95
2020-11-10,47.94186,-71.382225,0.0,18.6,7.0,12.8
2020-11-11,47.94186,-71.382225,0.0,16.3,11.8,14.05
2020-11-12,47.94186,-71.382225,0.0,0.6,-2.9,-1.15
2020-11-13,47.94186,-71.382225,0.6,4.4,-4.9,-0.25
2020-11-14,47.94186,-71.382225,0.3,-0.2,-3.4,-1.8
2020-11-15,47.94186,-71.382225,1.5,1.9,-7.4,-2.75
2020-11-16,47.94186,-71.382225,4.7,1.7,-1.1,0.29999999999999993
2020-11-17,47.94186,-71.382225,0.7,-5.1,-9.2,-7.1499999999999995
2020-11-18,47.94186,-71.382225,0.2,-7.2,-10.7,-8.95
2020-11-19,47.94186,-71.382225,1.2,-0.1,-11.8,-5.95
2020-11-20,47.94186,-71.382225,3.9,6.9,-5.0,0.9500000000000002
2020-11-21,47.94186,-71.382225,0.3,-3.5,-6.0,-4.75
2020-11-22,47.94186,-71.382225,8.5,-2.3,-11.2,-6.75
2020-11-23,47.94186,-71.382225,9.5,0.4,-5.6,-2.5999999999999996
2020-11-24,47.94186,-71.382225,0.8,-9.0,-11.1,-10.05
2020-11-25,47.94186,-71.382225,2.1,-4.0,-14.3,-9.15
2020-11-26,47.94186,-71.382225,1.7,3.4,-7.6,-2.0999999999999996
2020-11-27,47.94186,-71.382225,0.6,1.3,-0.3,0.5
2020-11-28,47.94186,-71.382225,2.3,1.1,-2.9,-0.8999999999999999
2020-11-29,47.94186,-71.382225,0.4,0.8,-3.9,-1.5499999999999998
2020-11-30,47.94186,-71.382225,4.0,6.6,-2.0,2.3
2020-12-01,47.94186,-71.382225,2.3,10.2,0.8,5.5
2020-12-02,47.94186,-71.382225,0.6,1.2,-1.2,0.0
2020-12-03,47.94186,-71.382225,1.1,-1.3,-6.6,-3.9499999999999997
2020-12-04,47.94186,-71.382225,1.2,-0.1,-3.2,-1.6500000000000001
2020-12-05,47.94186,-71.382225,1.3,-4.9,-8.5,-6.7
2020-12-06,47.94186,-71.382225,14.4,-7.7,-10.7,-9.2
2020-12-07,47.94186,-71.382225,0.0,-7.8,-9.2,-8.5
2020-12-08,47.94186,-71.382225,0.0,-8.5,-11.2,-9.85
2020-12-09,47.94186,-71.382225,0.7,-4.4,-12.9,-8.65
2020-12-10,47.94186,-71.382225,0.5,-4.5,-7.6,-6.05
2020-12-11,47.94186,-71.382225,1.1,-1.4,-5.9,-3.6500000000000004
2020-12-12,47.94186,-71.382225,11.0,-3.6,-8.2,-5.8999999999999995
2020-12-13,47.94186,-71.382225,1.6,0.7,-6.7,-3.0
2020-12-14,47.94186,-71.382225,2.8,-3.7,-10.6,-7.15
2020-12-15,47.94186,-71.382225,0.0,-17.5,-22.2,-19.85
2020-12-16,47.94186,-71.382225,0.0,-20.0,-32.2,-26.1
2020-12-17,47.94186,-71.382225,0.0,-16.4,-28.5,-22.45
2020-12-18,47.94186,-71.382225,0.0,-9.4,-27.7,-18.55
2020-12-19,47.94186,-71.382225,0.2,-5.4,-21.2,-13.3
2020-12-20,47.94186,-71.382225,0.4,-1.4,-7.3,-4.35
2020-12-21,47.94186,-71.382225,0.5,-0.2,-3.6,-1.9000000000000001
2020-12-22,47.94186,-71.382225,1.1,-1.7,-6.0,-3.85
2020-12-23,47.94186,-71.382225,0.0,0.1,-17.2,-8.549999999999999
2020-12-24,47.94186,-71.382225,14.6,8.2,-10.2,-1.0
2020-12-25,47.94186,-71.382225,4.8,10.4,5.0,7.7
2020-12-26,47.94186,-71.382225,0.9,-2.9,-9.5,-6.2
2020-12-27,47.94186,-71.382225,0.0,-4.0,-17.1,-10.55
2020-12-28,47.94186,-71.382225,7.0,-0.7,-14.3,-7.5
2020-12-29,47.94186,-71.382225,0.0,-13.1,-17.1,-15.100000000000001
2020-12-30,47.94186,-71.382225,6.3,-2.6,-18.2,-10.4
2020-12-31,47.94186,-71.382225,0.2,-3.7,-9.5,-6.6
